"CustomerID";"Recency";"Frequency";"Monetary"
12346;326;17;-64.68
12347;3;8;5633.32
12348;76;5;2019.4
12349;19;5;4404.54
12350;311;1;334.4
12351;376;1;300.93
12352;37;13;1889.21
12353;205;2;406.76
12354;233;1;1079.4
12355;215;2;947.61
12356;23;6;6373.68
12357;34;3;18287.66
12358;2;5;3887.07
12359;8;14;8714.89
12360;53;9;4212.89
12361;288;4;511.25
12362;4;14;5284.58
12363;110;2;552.0
12364;8;4;1313.1
12365;292;3;320.69
12366;634;1;500.24
12367;5;1;168.9
12368;629;1;917.7
12369;414;3;1791.15
12370;52;7;4320.31
12371;45;5;4067.38
12372;72;3;1298.04
12373;312;3;1127.65
12374;26;4;2989.22
12375;3;3;455.42
12376;390;2;503.15
12377;316;4;3426.32
12378;130;2;5416.32
12379;82;5;1618.27
12380;22;15;7888.0
12381;5;6;1803.96
12382;683;1;-18.38
12383;185;6;1839.31
12384;29;3;566.16
12385;380;2;1923.4
12386;338;2;660.8
12387;416;1;143.94
12388;16;8;3901.11
12389;403;3;1433.33
12390;80;1;549.84
12391;22;7;2747.82
12392;592;1;234.75
12393;73;7;2376.75
12394;64;2;1272.48
12395;16;18;5046.92
12396;675;1;931.43
12397;36;2;2409.9
12398;46;1;1635.66
12399;120;7;1962.3
12400;415;1;205.25
12401;304;1;84.3
12402;324;7;1244.15
12403;50;3;1001.36
12404;683;1;63.24
12405;149;1;1710.39
12406;23;7;6072.21
12407;50;5;1708.12
12408;33;14;4279.64
12409;79;13;23090.47
12410;302;4;1001.46
12411;410;1;346.9
12412;75;8;2581.03
12413;67;6;935.5
12414;218;8;692.41
12415;25;33;143269.29
12416;657;1;202.56
12417;4;27;6708.21
12418;113;5;2016.95
12419;386;2;503.01
12420;64;1;600.39
12421;16;8;1092.83
12422;96;21;4119.35
12423;1;11;2612.19
12424;163;7;3289.78
12425;79;3;1680.81
12426;195;3;1311.41
12427;12;5;1011.87
12428;26;12;7877.2
12429;10;9;7435.51
12430;44;1;256.4
12431;36;33;10719.41
12432;43;5;5059.32
12433;1;11;20428.86
12434;85;5;1062.48
12435;80;6;13925.93
12436;100;1;509.01
12437;2;47;12394.85
12438;15;2;2906.85
12439;683;3;1104.48
12440;458;3;768.15
12441;367;1;347.1
12442;4;1;172.06
12443;733;1;485.31
12444;22;5;5005.46
12445;23;3;426.48
12446;58;1;1002.31
12447;244;1;476.49
12448;45;1;449.45
12449;23;6;4835.89
12450;157;7;666.95
12451;11;10;12546.53
12452;17;3;428.57
12453;135;1;707.09
12454;54;9;4292.71
12455;74;10;5879.95
12456;45;4;3153.89
12457;59;14;2472.31
12458;72;4;1777.49
12459;606;1;454.36
12460;457;1;326.65
12461;95;2;826.88
12462;3;4;1124.01
12463;47;7;1303.63
12464;11;8;1212.05
12465;8;3;733.89
12466;683;1;56.73
12467;387;2;0.0
12468;144;10;3624.55
12469;523;2;3070.54
12470;690;1;211.95
12471;3;129;37948.61
12472;31;37;16956.69
12473;30;9;2848.23
12474;18;54;11966.45
12475;54;2;1149.64
12476;2;38;13715.62
12477;23;12;20173.64
12478;4;1;680.99
12479;4;3;477.3
12480;29;8;5435.1
12481;23;18;12217.03
12482;450;32;21893.53
12483;18;27;4846.87
12484;33;16;6303.85
12485;530;1;708.1
12486;432;1;1037.28
12487;731;2;259.8
12488;10;3;1298.66
12489;337;1;334.93
12490;6;22;9818.64
12491;39;1;460.4
12492;64;3;715.21
12493;166;3;416.79
12494;10;17;1743.52
12495;635;2;323.4
12496;621;2;54.09
12497;82;4;6211.75
12498;22;3;403.7
12499;561;1;393.72
12500;24;25;5872.31
12501;316;2;2089.68
12502;96;5;3723.87
12503;338;2;0.0
12504;19;6;411.0
12505;302;3;908.0
12506;233;1;73.5
12507;135;5;1797.31
12508;27;2;398.27
12509;285;1;176.5
12510;143;16;3689.33
12511;415;2;3065.77
12512;67;2;138.03
12513;85;2;586.79
12514;268;2;1597.76
12515;354;1;383.7
12516;78;4;2648.62
12517;29;6;2464.89
12518;1;5;2056.89
12519;64;3;695.19
12520;80;6;2582.51
12521;143;1;599.68
12522;40;2;192.72
12523;2;30;4220.85
12524;10;18;11091.36
12525;492;8;835.18
12526;1;3;1316.66
12527;82;5;735.51
12528;10;8;1922.28
12529;523;2;311.78
12530;60;12;3689.86
12531;15;3;1899.05
12532;31;1;349.83
12533;619;6;1149.99
12534;131;1;1089.18
12535;92;2;716.35
12536;8;5;4106.82
12537;409;1;732.94
12538;30;2;640.45
12539;23;8;9498.9
12540;20;36;22107.29
12541;30;3;981.18
12542;485;4;423.38
12543;449;1;980.25
12544;30;2;355.7
12545;76;2;1000.39
12546;47;3;1141.5
12547;198;3;383.58
12548;167;1;95.2
12549;576;6;1575.68
12550;80;1;964.83
12551;358;1;168.0
12552;39;2;437.82
12553;9;17;4548.82
12554;449;1;468.5
12555;683;1;129.23
12556;51;2;603.71
12557;17;8;18716.14
12558;2;2;0.0
12559;311;3;536.21
12560;6;4;2101.39
12561;303;1;238.85
12562;9;9;4966.92
12563;409;1;249.24
12564;262;1;456.9
12565;282;2;131.17
12566;73;2;346.7
12567;23;17;13393.82
12568;645;1;70.0
12569;3;35;4064.99
12570;683;1;77.52
12571;40;2;519.61
12572;9;3;1004.72
12573;228;5;717.41
12574;316;1;218.45
12575;458;2;622.82
12576;36;11;2083.87
12577;36;9;1591.35
12578;22;7;4572.45
12579;74;3;410.72
12580;247;2;1052.9
12581;40;1;197.71
12582;239;4;1980.4
12583;3;31;14344.9
12584;4;18;1893.95
12585;235;4;1982.81
12586;18;5;2028.67
12587;8;1;144.0
12588;40;5;938.98
12589;29;11;3094.17
12590;191;5;9853.48
12591;318;3;1352.15
12592;93;8;1152.62
12593;109;3;418.1
12594;38;17;5044.51
12595;505;1;299.02
12596;52;2;618.27
12597;20;5;3683.13
12598;10;15;4414.67
12599;30;13;2296.72
12600;29;26;4955.79
12601;190;7;673.76
12602;59;1;153.12
12603;22;1;739.2
12604;80;2;254.18
12605;366;5;1217.95
12606;683;1;21.0
12607;59;2;0.0
12608;405;1;415.79
12609;79;10;3417.86
12610;23;7;2057.99
12611;53;1;1193.32
12612;58;2;643.59
12613;32;13;6591.52
12614;278;1;315.6
12615;3;11;5564.88
12616;86;7;1045.35
12617;30;1;355.53
12618;22;1;177.31
12619;17;14;3354.95
12620;15;3;1339.41
12621;2;44;24579.31
12622;233;1;180.1
12623;277;9;3639.84
12624;107;2;641.13
12625;212;5;5095.38
12626;24;13;6388.35
12627;11;7;4478.53
12628;5;4;769.61
12629;386;2;1558.22
12630;10;2;1270.88
12631;58;7;3452.27
12632;521;4;738.88
12633;59;10;5595.21
12634;536;2;490.0
12635;90;4;2930.41
12636;739;1;141.0
12637;68;14;8271.66
12638;34;2;921.49
12639;239;3;1312.37
12640;24;3;1174.58
12641;116;1;185.9
12642;26;3;1013.26
12643;129;14;7880.9
12644;130;6;1815.54
12645;34;10;3499.1
12646;5;2;1346.97
12647;23;45;17682.79
12648;155;5;1097.0
12649;108;10;2238.7
12650;4;1;314.44
12651;335;5;365.3
12652;323;3;1011.58
12653;149;3;4160.83
12654;11;5;601.98
12655;424;1;261.35
12656;18;12;6320.78
12657;12;5;1152.06
12658;19;1;686.05
12659;30;1;91.68
12660;12;1;245.1
12661;437;1;162.0
12662;1;22;6949.17
12663;625;3;204.0
12664;9;12;6052.04
12665;325;5;301.45
12666;360;2;1020.98
12667;59;1;620.13
12668;8;12;11380.71
12669;151;4;1607.73
12670;11;8;3750.39
12671;607;1;2622.48
12672;330;3;410.5
12673;6;3;1230.02
12674;12;7;1919.31
12675;554;4;934.8
12676;25;12;2773.09
12677;556;3;389.3
12678;43;23;33851.13
12679;53;9;1058.67
12680;1;4;880.81
12681;15;56;30551.76
12682;4;53;23945.81
12683;5;27;12418.6
12684;8;7;2283.63
12685;29;6;2863.08
12686;372;1;178.28
12687;481;2;2138.91
12688;114;1;4873.81
12689;26;2;1247.61
12690;206;1;389.01
12691;29;7;1170.4
12692;638;1;110.95
12693;121;11;1640.42
12694;71;4;1839.45
12695;8;7;1407.12
12696;435;3;801.15
12697;22;5;939.02
12698;591;1;339.75
12699;418;1;638.11
12700;8;6;4867.99
12701;80;6;2446.41
12702;20;1;219.0
12703;65;7;892.18
12704;8;10;2220.84
12705;16;22;11554.0
12706;683;1;-91.89
12707;292;1;603.42
12708;30;30;5118.16
12709;4;55;30312.61
12710;97;4;1130.57
12711;612;2;1339.05
12712;23;28;6979.66
12713;1;1;848.55
12714;10;12;14093.71
12715;107;1;353.86
12716;4;2;1053.49
12717;152;4;1258.91
12718;72;1;238.25
12719;6;3;608.1
12720;3;41;8047.88
12721;32;10;3906.68
12722;86;6;904.33
12723;4;5;725.07
12724;6;7;2317.52
12725;372;4;2694.56
12726;29;11;4014.6
12727;11;12;5646.53
12728;72;5;1070.17
12729;114;1;453.01
12730;522;1;829.25
12731;24;19;25673.21
12732;180;1;236.26
12733;235;6;2326.82
12734;353;3;639.65
12735;316;2;779.57
12736;333;1;234.0
12737;499;2;3710.5
12738;373;1;310.7
12739;79;4;2726.73
12740;64;1;427.6
12741;530;2;406.07
12742;600;2;1185.02
12743;135;2;546.43
12744;52;14;13158.16
12745;487;3;925.41
12746;528;3;230.85
12747;3;32;9164.59
12748;1;364;49970.13
12749;4;16;6328.49
12750;129;1;275.88
12751;445;1;268.27
12752;82;1;4366.78
12753;4;11;21024.01
12754;236;5;2949.12
12755;250;22;6406.35
12756;87;1;112.08
12757;16;19;4227.7
12758;117;8;9779.0
12759;53;8;5020.74
12760;456;1;347.8
12761;458;2;782.95
12762;8;2;1898.52
12763;139;2;814.16
12764;317;1;1693.88
12765;473;6;1404.58
12766;4;11;10026.43
12767;376;1;949.82
12768;432;2;0.0
12769;239;1;1143.6
12770;211;7;2975.95
12771;465;2;262.5
12772;60;1;892.47
12773;565;2;0.0
12774;536;1;98.7
12775;18;8;1651.32
12776;668;1;55.5
12777;458;1;519.45
12778;20;10;1757.68
12779;22;21;6406.76
12780;599;1;337.4
12781;22;5;707.72
12782;5;14;4526.04
12783;3;8;1603.87
12784;10;3;1804.75
12785;3;5;1079.31
12786;610;1;728.5
12787;10;5;859.18
12788;464;4;444.9
12789;66;3;273.35
12790;193;3;563.45
12791;374;8;777.75
12792;257;3;813.88
12793;335;3;1017.33
12794;54;2;860.41
12795;19;1;430.48
12796;629;1;381.0
12797;361;6;725.46
12798;11;4;8510.93
12799;530;1;219.35
12800;471;3;584.25
12801;478;2;1031.87
12802;184;9;2350.42
12803;394;1;1092.81
12804;466;2;327.02
12805;382;4;1434.95
12806;436;4;2878.96
12807;383;3;269.95
12808;37;5;906.1
12809;169;8;1705.34
12810;535;2;534.99
12811;261;5;1033.9
12812;45;1;229.64
12813;502;3;1687.8
12814;102;1;125.92
12815;148;2;1063.46
12816;96;2;572.2
12817;282;3;690.98
12818;179;2;1517.88
12819;459;1;540.52
12820;4;13;2647.94
12821;215;2;220.8
12822;71;3;918.98
12823;75;18;6501.5
12824;60;1;397.12
12825;522;2;518.63
12826;3;15;2928.69
12827;6;3;430.15
12828;3;6;1018.71
12829;323;4;345.35
12830;38;7;6748.4
12831;263;3;451.11
12832;33;2;383.03
12833;146;1;417.38
12834;283;1;312.38
12835;419;49;6018.67
12836;60;17;6546.47
12837;174;2;688.41
12838;34;12;3376.03
12839;3;31;9927.83
12840;144;11;4013.87
12841;5;42;7390.48
12842;71;4;1917.99
12843;66;34;6345.61
12844;30;4;648.6
12845;268;4;354.09
12846;683;1;15.58
12847;23;2;1636.9
12848;676;1;208.0
12849;32;6;3090.56
12850;446;1;330.0
12851;97;2;284.13
12852;291;2;299.75
12853;108;16;3728.5
12854;79;11;2922.37
12855;373;4;650.94
12856;8;8;2162.68
12857;211;7;3684.25
12858;384;2;151.73
12859;459;1;575.1
12860;694;1;55.47
12861;620;1;68.25
12862;426;2;1008.32
12863;53;7;2775.55
12864;139;2;299.57
12865;27;5;3303.31
12866;284;3;1227.35
12867;27;16;7862.69
12868;186;8;2247.06
12869;682;1;337.67
12870;367;4;1647.15
12871;85;3;744.02
12872;327;13;3678.34
12873;283;3;2027.3
12874;386;3;933.42
12875;144;5;1356.99
12876;58;5;4068.59
12877;4;20;2955.17
12878;19;3;841.64
12879;45;4;552.57
12880;382;2;640.13
12881;276;1;298.0
12882;10;2;1463.04
12883;25;4;703.47
12884;89;1;309.05
12885;64;4;1158.27
12886;68;3;1351.09
12887;384;1;222.4
12888;215;4;313.77
12889;382;6;365.66
12890;25;2;717.27
12891;186;12;819.5
12892;397;1;263.38
12893;31;1;188.14
12894;576;1;157.35
12895;43;3;347.3
12896;731;1;-29.75
12897;205;4;514.25
12898;464;2;310.96
12899;414;1;366.4
12900;423;1;340.33
12901;9;36;16293.1
12902;265;1;138.68
12903;429;1;833.53
12904;19;2;509.58
12905;577;3;1011.82
12906;12;5;2919.81
12907;396;3;440.36
12908;59;7;1272.0
12909;40;13;3034.77
12910;24;14;5747.02
12911;552;1;1680.47
12912;3;5;1662.3
12913;5;13;6700.86
12914;401;1;223.98
12915;149;8;1084.85
12916;139;8;4630.22
12917;129;8;4329.5
12918;627;3;-10953.5
12919;9;8;1301.44
12920;18;4;488.09
12921;4;103;34639.45
12922;162;1;405.38
12923;65;3;789.87
12924;89;14;2423.15
12925;5;3;729.33
12926;412;4;1548.46
12927;395;1;197.31
12928;36;12;4304.89
12929;123;2;105.1
12930;79;4;409.9
12931;22;71;71299.67
12932;540;8;1698.56
12933;25;11;1627.28
12934;737;1;181.65
12935;3;19;4182.01
12936;18;5;1012.9
12937;16;9;3097.61
12938;26;1;114.14
12939;65;20;25264.8
12940;47;4;876.29
12941;725;1;377.49
12942;132;3;942.65
12943;302;4;489.0
12944;36;2;604.51
12945;289;2;900.11
12946;437;1;324.45
12947;144;11;1711.33
12948;17;10;2306.18
12949;31;28;15391.0
12950;3;3;1843.0
12951;9;20;3164.42
12952;6;5;1382.84
12953;10;2;828.81
12954;639;1;162.45
12955;2;14;4734.26
12956;307;4;521.89
12957;5;21;8628.42
12958;401;2;539.49
12959;485;2;133.35
12960;414;4;1322.07
12961;380;1;211.99
12962;8;2;266.39
12963;9;14;3512.79
12964;438;1;132.24
12965;90;1;771.91
12966;10;1;160.18
12967;4;5;3840.77
12968;113;1;135.95
12969;603;1;122.45
12970;8;10;1524.97
12971;4;120;15482.74
12972;414;6;1115.95
12973;414;1;385.55
12974;198;2;408.95
12975;431;8;1993.99
12976;212;8;3156.38
12977;157;4;517.63
12978;386;6;2496.07
12979;730;2;479.54
12980;156;26;15909.39
12981;30;2;372.22
12982;240;17;2562.12
12983;599;1;490.08
12984;19;1;97.5
12985;1;3;1215.62
12986;403;12;1991.59
12987;74;6;1298.51
12988;293;1;535.32
12989;4;39;12846.8
12990;32;7;955.5
12991;24;3;764.82
12992;726;1;93.35
12993;24;10;1191.26
12994;5;5;902.22
12995;78;2;200.72
12996;376;1;355.5
12997;23;16;2065.11
12998;493;4;897.38
12999;197;3;455.88
13000;107;5;965.0
13001;5;37;24136.05
13002;319;3;414.13
13003;106;3;149.05
13004;12;46;11143.99
13005;174;6;935.03
13006;57;1;81.57
13007;580;1;175.25
13008;324;7;543.28
13009;673;1;234.0
13010;375;2;330.12
13011;373;1;101.1
13012;10;15;2591.18
13013;2;31;12601.82
13014;3;18;5220.83
13015;54;14;6465.72
13016;74;3;789.89
13017;8;1;204.0
13018;17;37;9742.81
13019;380;8;1212.95
13020;549;5;606.96
13021;5;24;4786.38
13022;430;1;65.3
13023;65;3;1449.03
13024;465;3;535.42
13025;732;1;323.39
13026;2;13;1690.12
13027;114;23;17148.0
13028;23;3;659.68
13029;31;5;1927.3
13030;12;2;1227.22
13031;408;5;3419.27
13032;39;11;2817.59
13033;358;2;220.55
13034;55;3;922.68
13035;58;4;1328.95
13036;685;1;307.1
13037;139;16;3842.55
13038;81;3;908.46
13039;585;4;1010.73
13040;9;2;676.99
13041;451;4;799.13
13042;585;4;1522.79
13043;254;2;471.57
13044;292;13;4824.2
13045;100;3;808.92
13046;31;3;949.25
13047;32;42;8466.72
13048;15;13;4035.16
13049;65;5;1384.14
13050;10;57;11822.44
13051;579;2;155.8
13052;213;7;3168.53
13053;622;1;127.65
13054;683;1;-14.0
13055;65;6;2292.51
13056;552;1;209.48
13057;531;4;540.74
13058;25;3;271.4
13059;250;12;2272.62
13060;254;1;307.53
13061;73;1;248.61
13062;192;1;346.98
13063;481;1;188.4
13064;13;6;1680.74
13065;374;6;1255.96
13066;25;3;430.9
13067;83;3;508.51
13068;11;2;344.0
13069;1;42;8747.47
13070;193;5;743.9
13071;613;1;129.22
13072;267;1;177.15
13073;412;2;418.08
13074;512;5;1362.84
13075;130;1;919.61
13076;458;1;135.4
13077;2;14;3040.17
13078;2;95;28883.83
13079;5;6;419.18
13080;180;5;260.83
13081;2;44;58328.15
13082;127;25;7268.92
13083;5;3;395.43
13084;488;2;116.45
13085;158;10;1459.46
13086;383;1;439.33
13087;727;1;313.64
13088;418;1;236.11
13089;3;247;113214.19
13090;9;30;13771.28
13091;22;6;-130.22
13092;71;15;2007.33
13093;268;88;54073.73
13094;22;17;2214.66
13095;71;1;74.4
13096;395;1;419.7
13097;33;40;12861.73
13098;2;41;28658.88
13099;100;1;207.36
13100;625;1;-1598.67
13101;235;4;695.4
13102;2;42;11440.12
13103;40;3;709.64
13104;4;9;1709.1
13105;437;1;72.0
13106;129;3;586.46
13107;45;15;5109.62
13108;373;2;1098.52
13109;3;7;1107.58
13110;32;14;2896.17
13111;719;1;321.88
13112;542;3;-5.44
13113;1;60;16600.25
13114;731;1;234.38
13115;9;23;5374.45
13116;118;2;485.19
13117;22;19;2642.11
13118;20;12;2334.1
13119;669;1;134.9
13120;239;1;30.6
13121;270;2;254.73
13122;95;2;922.39
13123;473;2;506.75
13124;90;4;4782.45
13125;524;1;158.57
13126;5;19;3902.47
13127;78;1;259.17
13128;632;1;263.5
13129;453;2;233.25
13130;95;1;64.0
13131;24;8;3279.77
13132;262;1;77.3
13133;274;3;200.45
13134;73;9;2422.28
13135;197;2;3371.45
13136;51;24;6077.8
13137;11;17;7667.37
13138;23;8;1454.49
13139;17;9;8193.83
13140;109;5;1215.68
13141;85;21;7536.63
13142;20;1;307.09
13143;583;2;399.2
13144;333;2;135.35
13145;40;8;1419.77
13146;27;1;228.91
13147;11;4;712.8
13148;30;36;8123.6
13149;15;4;1676.06
13150;471;4;435.02
13151;204;5;2511.69
13152;418;9;2114.98
13153;6;1;486.22
13154;145;5;997.43
13155;34;6;1750.18
13156;386;3;1586.54
13157;50;10;5667.71
13158;95;5;1508.18
13159;9;5;1379.75
13160;23;1;91.8
13161;314;2;478.88
13162;123;19;9116.94
13163;611;2;0.0
13164;570;3;297.46
13165;47;3;1451.16
13166;283;3;881.68
13167;19;5;1125.15
13168;37;6;1866.26
13169;64;3;840.08
13170;27;1;116.01
13171;9;5;426.81
13172;401;1;69.6
13173;5;13;2620.5
13174;17;12;9494.84
13175;555;4;793.1
13176;47;1;492.84
13177;65;2;512.2
13178;27;25;13997.89
13179;619;1;572.31
13180;608;1;86.1
13181;382;1;359.69
13182;46;1;121.18
13183;8;18;7010.88
13184;15;12;1648.79
13185;268;1;71.4
13186;40;5;1539.69
13187;338;5;348.31
13188;12;1;114.6
13189;19;2;260.68
13190;545;4;518.76
13191;659;1;164.69
13192;96;8;2544.53
13193;62;1;117.88
13194;136;2;472.78
13195;415;1;172.38
13196;12;8;3059.64
13197;610;1;373.01
13198;11;12;4912.28
13199;4;69;16404.98
13200;20;4;870.09
13201;503;4;1240.61
13202;379;8;1571.35
13203;10;11;2630.55
13204;732;1;966.66
13205;444;1;2803.2
13206;401;15;8280.13
13207;16;4;535.86
13208;59;10;1970.5
13209;31;16;8438.06
13210;94;1;353.48
13211;11;12;2706.87
13212;10;4;780.58
13213;57;14;3834.62
13214;418;7;3264.23
13215;403;1;81.6
13216;268;1;333.74
13217;123;6;266.12
13218;128;1;62.64
13219;619;1;76.23
13220;79;5;1336.09
13221;241;2;847.41
13222;578;1;88.5
13223;201;6;969.12
13224;61;3;2150.85
13225;4;17;15879.27
13226;274;2;312.46
13227;202;1;257.7
13228;82;1;358.0
13229;226;1;160.95
13230;5;31;6317.22
13231;547;1;-355.2
13232;13;7;1357.6
13233;75;4;1176.46
13234;673;2;356.95
13235;212;2;101.17
13236;25;3;727.27
13237;388;1;643.0
13238;12;7;986.73
13239;262;6;1579.84
13240;97;9;1661.17
13241;412;1;115.58
13242;113;7;699.4
13243;204;5;1278.04
13244;93;1;121.74
13245;51;2;989.22
13246;19;14;3277.68
13247;18;4;501.12
13248;125;2;465.68
13249;93;9;1608.93
13250;453;3;248.54
13251;403;1;252.68
13252;395;3;341.3
13253;157;4;2951.11
13254;377;1;51.41
13255;4;4;895.61
13257;428;3;117.95
13258;12;5;1035.18
13259;62;9;1433.38
13260;62;1;557.62
13261;269;2;944.1
13262;264;3;573.45
13263;2;39;8704.69
13264;443;1;722.56
13265;54;5;2107.66
13266;12;30;5965.3
13267;3;50;9512.21
13268;18;15;3167.64
13269;2;30;8861.39
13270;367;1;1180.0
13271;38;2;178.26
13272;32;2;276.56
13273;114;1;138.98
13274;410;1;360.85
13275;384;2;241.66
13276;64;7;1918.56
13277;16;7;523.3
13278;41;5;1428.2
13279;65;2;126.3
13280;123;8;2297.13
13281;438;3;306.45
13282;19;7;1228.89
13283;60;4;373.36
13284;323;2;196.15
13285;24;6;3364.59
13286;601;1;734.91
13287;584;7;519.67
13288;444;6;892.16
13289;724;1;307.95
13290;431;3;-208.63
13291;156;11;3320.84
13292;39;6;987.79
13293;393;7;1180.34
13294;190;3;1689.53
13295;360;9;1058.02
13296;138;6;792.51
13297;8;8;4352.67
13298;2;1;360.0
13299;269;5;1173.3
13300;165;5;1267.21
13301;104;4;618.09
13302;156;2;159.2
13303;401;1;61.72
13304;352;7;1120.79
13305;5;16;3754.71
13306;431;1;53.65
13307;121;3;273.34
13308;23;5;1652.47
13309;8;6;1706.37
13310;9;8;1492.8
13311;5;2;598.57
13312;452;1;124.75
13313;23;15;3423.27
13314;2;4;578.66
13315;690;1;310.26
13316;38;12;12906.93
13317;65;31;6068.53
13318;2;3;640.76
13319;6;78;21706.09
13320;71;9;2160.95
13321;73;2;567.36
13322;18;1;199.48
13323;4;5;787.85
13324;33;23;10421.37
13325;82;1;675.3
13326;433;1;281.76
13327;39;22;9741.03
13328;317;1;1308.48
13329;32;14;4977.02
13330;93;6;2806.18
13331;402;1;262.4
13332;15;1;350.9
13333;412;3;1015.74
13334;83;6;6257.0
13335;541;1;-955.06
13336;78;1;795.12
13337;519;2;1548.55
13338;155;10;2223.62
13339;201;1;860.12
13340;46;12;22100.56
13341;261;1;775.85
13342;583;1;-14.1
13343;173;2;303.93
13344;68;3;2543.72
13345;277;2;377.6
13346;463;6;299.4
13347;71;1;341.36
13348;65;1;233.76
13349;11;1;247.32
13350;17;3;910.72
13351;67;1;373.94
13352;8;2;389.28
13353;389;1;-28.85
13354;72;1;743.53
13355;123;1;674.7
13356;81;1;768.24
13357;258;5;3838.36
13358;269;1;439.03
13359;60;4;1001.96
13360;429;7;1464.1
13361;473;2;1450.5
13362;4;10;5357.57
13363;18;3;1723.86
13364;67;2;0.0
13365;9;4;2164.32
13366;51;1;56.16
13367;432;1;510.2
13368;257;5;1086.1
13369;355;2;572.03
13370;367;2;1442.64
13371;499;4;2271.46
13372;90;1;378.64
13373;61;6;7587.19
13374;415;2;422.8
13375;82;3;1786.48
13376;100;3;1019.76
13377;397;4;1495.43
13378;423;1;-756.4
13379;27;3;572.56
13380;433;1;62.4
13381;22;15;8185.02
13382;281;5;1387.58
13383;544;1;305.28
13384;31;15;6635.09
13385;330;1;534.57
13386;415;2;835.46
13387;418;1;189.44
13388;122;4;1135.7
13389;12;3;797.96
13390;75;1;544.08
13391;204;1;59.8
13392;678;1;91.14
13393;584;6;1105.85
13394;2;24;6323.88
13395;186;3;1180.23
13396;22;4;1325.29
13397;73;13;3094.11
13398;193;2;670.34
13399;465;3;275.4
13400;575;2;300.93
13401;625;1;-1834.14
13402;128;4;1535.13
13403;18;3;229.5
13404;2;2;252.49
13405;75;9;1196.56
13406;428;3;557.22
13407;579;6;2111.89
13408;2;135;50852.85
13409;625;1;-525.65
13410;9;12;2172.51
13411;108;1;213.55
13412;621;1;487.35
13413;640;8;345.8
13414;134;7;2482.24
13415;473;5;681.92
13416;44;3;940.8
13417;5;7;1593.89
13418;12;37;11916.16
13419;64;1;221.06
13420;135;4;140.35
13421;41;11;4088.82
13422;52;2;2601.55
13423;429;1;217.03
13424;445;2;557.92
13425;109;8;3375.93
13426;1;24;8076.76
13427;20;6;1006.53
13428;11;3;499.98
13429;11;4;1006.8
13430;19;4;648.69
13431;68;9;3289.24
13432;572;2;439.1
13433;438;5;656.87
13434;75;5;1666.86
13435;6;11;4459.83
13436;2;1;196.89
13437;15;7;3408.06
13438;548;1;46.5
13439;256;3;986.61
13440;424;10;1213.95
13441;92;2;720.9
13442;668;3;419.87
13443;449;7;1247.71
13444;375;2;631.68
13445;627;1;241.9
13446;421;18;3608.86
13447;24;4;1104.23
13448;17;19;8447.75
13449;24;1;291.88
13450;27;14;4117.54
13451;27;13;7119.97
13452;260;3;729.8
13453;166;5;758.99
13454;642;1;219.87
13455;25;11;2773.82
13456;18;7;1737.82
13457;689;4;143.27
13458;8;24;11850.62
13459;625;2;1160.41
13460;30;2;183.44
13461;39;8;4138.5
13462;184;6;1145.6
13463;421;1;-158.65
13464;59;7;3083.89
13465;447;2;931.12
13466;101;7;952.25
13467;11;2;1083.71
13468;2;87;13091.61
13469;654;1;82.4
13470;100;2;165.0
13471;2;4;2531.58
13472;464;2;592.24
13473;61;10;2410.98
13474;237;3;663.79
13475;192;4;1431.78
13476;179;7;1915.77
13477;38;13;2821.12
13478;470;7;2068.03
13479;199;7;808.5
13480;417;2;627.82
13481;46;14;3798.84
13482;233;2;336.09
13483;66;1;140.34
13484;242;4;767.32
13485;234;15;2957.92
13486;79;3;1122.41
13487;58;5;846.87
13488;18;29;15513.73
13489;106;4;449.52
13490;655;1;154.25
13491;52;27;4566.56
13492;137;3;1269.84
13493;276;2;618.63
13494;312;1;316.26
13495;8;13;5246.61
13496;11;3;617.93
13497;283;7;1266.33
13498;731;1;327.38
13499;18;7;1146.96
13500;24;5;1436.3
13501;243;5;2840.26
13502;17;6;774.6
13503;72;12;1793.54
13504;65;1;295.93
13505;68;8;4282.88
13506;313;8;1609.65
13507;4;4;2479.16
13508;244;2;287.05
13509;9;8;1114.72
13510;2;17;4488.39
13511;484;2;244.61
13512;261;4;713.39
13513;127;4;796.99
13514;74;4;815.9
13515;73;6;1265.82
13516;22;4;1685.26
13517;60;5;2109.07
13518;86;1;659.44
13519;51;3;331.26
13520;59;15;6680.65
13521;2;3;1093.65
13522;31;1;125.8
13523;34;7;4892.02
13524;41;5;680.18
13525;15;2;628.78
13526;739;4;942.6
13527;34;14;4650.04
13528;683;1;-40.0
13529;79;2;307.76
13530;635;1;402.98
13531;206;6;1738.52
13532;34;1;210.31
13533;183;3;270.79
13534;3;60;7324.5
13535;403;1;89.5
13536;2;7;3448.29
13537;426;2;717.85
13538;44;12;3112.73
13539;86;9;1531.26
13540;468;3;632.39
13541;424;3;717.9
13542;377;18;3970.77
13543;635;2;1439.61
13544;40;7;820.5
13545;391;3;347.35
13546;13;5;1092.14
13547;409;1;175.53
13548;97;3;908.99
13549;26;9;1003.72
13550;384;1;349.51
13551;320;2;244.2
13552;67;32;6618.63
13553;675;1;517.8
13554;381;10;1556.39
13555;74;16;8906.34
13556;430;2;200.82
13557;29;16;2980.08
13558;6;4;605.06
13559;513;2;990.0
13560;8;1;174.37
13561;216;11;1820.72
13562;82;8;4838.18
13563;85;2;777.53
13564;145;54;15786.72
13565;20;3;414.8
13566;41;5;1708.12
13567;429;5;1078.59
13568;174;1;192.85
13569;18;4;893.78
13570;244;1;239.49
13571;13;26;4546.54
13572;206;1;1384.25
13573;51;6;916.47
13574;412;1;421.25
13575;24;5;732.07
13576;11;32;11516.15
13577;26;14;3346.62
13578;410;1;147.66
13579;15;6;1535.84
13580;407;1;107.75
13581;310;2;280.53
13582;390;2;241.68
13583;156;2;1445.03
13584;307;5;347.15
13585;531;4;674.46
13586;542;1;131.53
13587;32;6;1308.1
13588;16;13;2445.12
13589;15;6;1120.74
13590;12;21;6298.29
13591;65;8;2081.19
13592;36;4;247.96
13593;109;16;5475.21
13594;53;3;508.42
13595;517;3;818.22
13596;6;2;697.04
13597;389;3;372.21
13598;48;6;776.84
13599;2;52;9790.34
13600;313;2;518.42
13601;46;4;1185.14
13602;65;4;1025.17
13603;27;1;164.34
13604;653;2;713.39
13605;388;2;522.67
13606;30;3;280.54
13607;41;3;1060.61
13608;541;1;236.2
13609;594;1;167.35
13610;13;17;2144.13
13611;90;14;3281.03
13612;519;2;777.79
13613;453;5;1039.85
13614;25;6;2359.19
13615;313;12;6212.23
13616;569;2;288.1
13617;41;9;1263.8
13618;174;1;177.34
13619;545;2;231.69
13620;529;1;112.34
13621;117;1;213.85
13622;689;2;651.45
13623;31;15;2446.36
13624;382;2;427.18
13625;597;1;301.26
13626;253;3;689.49
13627;60;10;2217.55
13628;677;1;310.14
13629;24;19;13370.86
13630;6;11;1995.68
13631;100;12;3021.77
13632;25;10;3634.7
13633;604;1;-306.66
13634;34;17;4519.55
13635;68;6;2948.22
13636;37;6;941.62
13637;53;3;810.5
13638;16;1;122.64
13639;75;2;1346.27
13640;612;1;405.0
13641;641;7;921.82
13642;216;5;501.97
13643;32;15;2112.17
13644;9;5;2597.52
13645;121;1;252.1
13646;400;3;323.3
13647;10;9;3063.78
13648;401;11;1679.01
13649;257;6;1678.88
13650;17;16;3098.5
13651;36;4;208.95
13652;46;5;2570.85
13653;488;1;152.2
13654;44;11;6308.0
13655;115;8;2259.3
13656;165;7;1053.35
13657;11;2;382.14
13658;10;13;5772.07
13659;198;17;4716.63
13660;396;2;303.69
13661;604;1;325.24
13662;86;17;2183.13
13663;180;6;2013.61
13664;683;1;-13.14
13665;387;3;1711.66
13666;61;5;127.9
13667;150;1;305.02
13668;3;47;12749.14
13669;51;3;413.55
13670;76;1;349.7
13671;395;1;194.95
13672;302;7;162.07
13673;19;2;396.92
13674;430;2;215.88
13675;152;2;486.82
13676;540;3;153.15
13677;405;2;556.19
13678;152;1;232.6
13679;494;3;281.26
13680;2;13;9915.56
13681;18;4;827.83
13682;188;1;59.5
13683;458;1;258.6
13684;286;6;546.52
13685;3;7;3119.44
13686;183;3;409.04
13687;439;1;11880.84
13688;636;1;375.5
13689;64;2;1259.5
13690;60;1;172.25
13691;397;1;212.78
13692;25;8;3016.45
13693;326;13;1948.32
13694;4;164;190825.52
13695;32;16;2770.73
13696;422;4;2008.7
13697;39;1;151.3
13698;597;2;465.53
13699;156;3;711.4
13700;27;14;2586.21
13701;438;2;159.55
13702;446;1;135.18
13703;319;3;99.5
13704;6;10;2295.31
13705;8;7;2035.33
13706;303;2;631.17
13707;268;5;3365.86
13708;272;1;296.88
13709;4;22;7512.81
13710;32;3;509.52
13711;219;15;1632.61
13712;247;2;766.42
13713;409;3;743.26
13714;466;1;161.35
13715;282;21;8438.34
13716;270;1;138.28
13717;33;11;1748.05
13718;247;2;306.55
13719;16;11;2815.25
13720;117;4;799.9
13721;37;2;741.54
13722;121;11;5629.16
13723;218;6;1209.2
13724;638;1;213.01
13725;50;11;1809.81
13726;39;2;1079.66
13727;29;9;1067.3
13728;37;16;2855.17
13729;436;5;676.43
13730;136;2;752.6
13731;220;2;610.59
13732;29;1;491.86
13733;411;3;484.53
13734;509;6;3451.29
13735;25;22;9472.81
13736;6;12;2715.01
13737;201;1;339.6
13738;397;1;440.93
13739;19;2;292.2
13740;241;5;1597.77
13741;72;4;666.33
13742;17;14;3102.42
13743;3;8;1340.15
13744;96;2;1156.36
13745;152;4;761.27
13746;414;1;176.69
13747;374;2;249.4
13748;96;9;2268.35
13749;702;1;-10.25
13750;54;13;3563.6
13751;289;1;296.25
13752;125;7;1590.73
13753;288;4;2094.57
13754;152;3;447.05
13755;4;10;2154.68
13756;3;25;9147.2
13757;675;1;195.55
13758;12;19;9263.14
13759;34;2;659.41
13760;55;6;1358.64
13761;51;6;1952.17
13762;205;6;2165.76
13763;64;6;5181.99
13764;71;6;2953.26
13765;654;1;352.82
13766;496;1;190.35
13767;3;96;35115.68
13768;564;8;758.07
13769;3;29;5766.63
13770;423;4;785.37
13771;65;10;5726.07
13772;34;9;3094.72
13773;397;2;301.54
13774;82;1;345.0
13775;591;1;1049.66
13776;429;8;-340.17
13777;1;73;56016.57
13778;104;5;1116.54
13779;516;1;161.13
13780;8;3;735.82
13781;251;4;770.88
13782;13;14;1785.77
13783;488;4;1542.09
13784;10;15;2897.18
13785;429;4;542.49
13786;368;8;2736.41
13787;76;9;1173.7
13788;506;1;3.75
13789;389;1;239.46
13790;5;1;348.8
13791;44;3;1047.68
13792;67;3;383.95
13793;647;1;96.0
13794;547;1;126.03
13795;389;4;836.3
13796;500;1;289.7
13797;437;4;1168.45
13798;2;125;73573.47
13799;117;13;2039.82
13800;310;3;1679.56
13801;67;1;324.8
13802;139;24;25491.56
13803;256;4;1319.11
13804;31;9;3208.52
13805;53;2;924.6
13806;64;1;256.38
13807;368;4;509.9
13808;6;5;1747.66
13809;306;3;679.7
13810;29;4;899.51
13811;184;4;591.75
13812;43;3;539.0
13813;40;12;2686.42
13814;57;5;2239.07
13815;23;10;7285.79
13816;24;4;555.04
13817;30;2;382.98
13818;430;1;61.28
13819;302;7;2631.1
13820;419;5;640.4
13821;145;7;1387.03
13822;6;2;632.0
13823;19;8;3358.55
13824;33;14;3273.36
13825;622;2;255.59
13826;159;2;174.65
13827;58;3;412.05
13828;23;1;209.49
13829;360;2;0.0
13830;575;2;135.95
13831;17;20;7009.18
13832;18;3;602.44
13833;160;2;701.36
13834;577;3;247.89
13835;26;8;1044.82
13836;400;3;602.52
13837;212;2;271.24
13838;6;10;1966.09
13839;487;1;139.95
13840;417;1;651.4
13841;253;1;85.0
13842;59;19;5604.96
13843;382;1;319.75
13844;12;1;361.62
13845;65;1;312.98
13846;25;5;1290.34
13847;720;1;310.72
13848;93;8;3335.0
13849;52;6;3443.8
13850;89;2;1586.81
13851;96;9;4516.76
13852;607;2;170.45
13853;9;2;1056.94
13854;9;45;12158.21
13855;501;5;1253.94
13856;169;15;1058.88
13857;394;7;997.11
13858;58;1;216.17
13859;327;2;515.86
13860;2;6;1240.0
13861;430;3;251.31
13862;19;11;2534.04
13863;246;6;1217.63
13864;387;1;662.4
13865;59;4;501.56
13866;75;1;145.67
13867;32;3;1015.29
13868;8;2;3192.54
13869;124;10;8111.57
13870;3;18;5689.84
13871;23;21;7804.95
13872;514;6;891.32
13873;120;9;1031.02
13874;359;10;1989.2
13875;54;14;4814.37
13876;64;1;122.7
13877;87;5;446.33
13878;55;4;2473.06
13879;646;1;395.5
13880;22;17;4391.66
13881;4;51;44392.5
13882;3;6;1131.28
13883;2;26;6342.74
13884;8;14;1852.38
13885;190;2;506.8
13886;72;1;243.56
13887;205;1;349.55
13888;120;7;2169.05
13889;93;8;1855.73
13890;2;22;2858.73
13891;379;3;863.56
13892;27;6;1267.65
13893;298;1;821.1
13894;23;5;535.97
13895;22;8;3923.62
13896;626;1;388.55
13897;51;3;1160.72
13898;326;2;686.4
13899;17;2;388.52
13900;184;7;1608.09
13901;73;20;5599.34
13902;633;8;30411.26
13903;401;1;165.45
13904;38;2;332.64
13905;572;3;244.45
13906;410;1;42.0
13907;692;1;136.8
13908;80;5;2347.05
13909;424;2;286.6
13910;444;1;-127.66
13911;58;22;4200.04
13912;424;1;124.95
13913;507;1;42.22
13914;4;3;613.95
13915;395;2;31.2
13916;464;5;1260.51
13917;50;2;272.04
13918;50;2;1212.84
13919;54;5;1326.03
13920;432;5;1734.88
13921;400;5;720.75
13922;352;5;824.7
13923;54;1;351.13
13924;2;11;1682.08
13925;37;6;616.65
13926;24;1;223.85
13927;75;3;689.96
13928;11;4;464.57
13929;170;14;3318.1
13930;58;2;337.34
13931;86;12;5250.78
13932;295;1;307.4
13933;110;2;608.79
13934;264;1;922.1
13935;597;3;6116.92
13936;172;4;924.36
13937;170;3;867.38
13938;36;1;71.66
13939;24;10;1533.66
13940;18;4;839.14
13941;22;17;10846.15
13942;535;1;320.0
13943;578;1;246.54
13944;654;1;200.43
13945;395;2;854.15
13946;80;7;1745.43
13947;66;1;90.6
13948;361;5;536.86
13949;3;6;2427.32
13950;12;5;728.56
13951;177;3;674.45
13952;212;17;12790.89
13953;8;12;6640.68
13954;2;3;378.59
13955;155;3;545.17
13956;6;5;1026.42
13957;418;3;458.25
13958;373;12;4402.33
13959;80;6;1076.18
13960;22;2;230.22
13961;386;2;498.7
13962;22;3;362.8
13963;309;18;2899.62
13964;388;3;421.9
13965;456;5;777.66
13966;436;1;390.86
13967;146;2;166.3
13968;424;1;123.66
13969;8;39;13212.77
13970;387;2;846.55
13971;9;18;4593.83
13972;71;2;190.25
13973;288;1;264.7
13974;50;4;663.52
13975;32;14;5327.29
13976;207;4;1192.36
13977;412;1;519.81
13978;15;2;196.79
13979;74;11;3326.83
13980;61;9;753.12
13981;401;2;327.39
13982;40;13;4418.79
13983;30;30;6993.41
13984;27;13;1616.12
13985;5;24;9982.31
13986;18;1;320.46
13987;380;2;682.54
13988;20;11;4708.64
13989;66;5;2026.06
13990;214;1;311.3
13991;13;7;850.63
13992;31;3;219.5
13993;33;24;6690.36
13994;4;6;2313.14
13995;16;18;3836.26
13996;387;2;895.76
13997;520;3;382.31
13998;447;3;566.7
13999;11;36;9438.01
14000;207;8;1877.59
14001;46;10;4517.34
14002;135;2;529.73
14003;733;1;209.41
14004;44;11;6258.45
14005;10;5;2874.72
14006;116;7;2196.67
14007;513;1;79.48
14008;376;2;493.74
14009;199;4;1090.23
14010;566;3;288.1
14011;481;3;451.92
14012;278;1;328.8
14013;111;6;1006.22
14014;78;3;1948.21
14015;53;1;917.34
14016;155;13;11379.71
14017;572;1;229.75
14018;646;1;367.15
14019;47;4;1398.96
14020;17;5;1213.26
14021;156;7;1716.58
14022;226;2;792.15
14023;8;2;584.07
14024;122;3;645.74
14025;465;10;3969.1
14026;471;2;713.11
14027;61;1;104.82
14028;499;5;3175.5
14029;64;2;467.66
14030;19;22;8145.59
14031;8;55;38025.97
14032;3;25;4786.07
14033;556;1;109.44
14034;23;4;512.02
14035;29;11;2852.47
14036;285;1;626.65
14037;177;7;755.95
14038;79;8;3000.93
14039;34;2;267.28
14040;41;42;12457.84
14041;267;1;141.41
14042;726;1;431.98
14043;492;3;301.3
14044;27;11;3106.15
14045;110;19;9660.63
14046;285;1;154.99
14047;9;19;4158.73
14048;278;4;713.89
14049;17;18;13064.03
14050;32;2;746.36
14051;1;42;22104.5
14052;20;2;480.81
14053;125;4;572.3
14054;66;1;92.46
14055;107;3;1520.96
14056;2;29;8124.4
14057;24;23;8338.28
14058;463;2;469.19
14059;267;1;183.6
14060;5;32;9503.14
14061;508;3;917.43
14062;10;27;25434.83
14063;431;13;-3767.2
14064;30;21;3039.75
14065;390;4;889.37
14066;267;1;152.55
14067;64;2;374.7
14068;321;5;1504.97
14069;515;2;230.06
14070;685;1;326.55
14071;4;9;1307.41
14072;667;1;390.85
14073;22;2;139.54
14074;624;1;219.4
14075;5;6;1734.87
14076;130;1;122.47
14077;41;6;615.08
14078;102;9;1692.63
14079;125;2;618.73
14080;33;6;1075.73
14081;268;16;5250.05
14082;365;2;413.36
14083;5;11;1407.26
14084;513;1;150.5
14085;3;34;10092.22
14086;463;1;39.95
14087;3;5;803.47
14088;11;20;62400.02
14089;57;1;161.0
14090;325;1;76.32
14091;655;2;9530.08
14092;8;27;7209.74
14093;13;1;442.85
14094;440;2;334.27
14095;723;1;2.95
14096;5;34;57120.91
14097;482;2;422.86
14098;37;1;147.35
14099;17;22;5700.51
14100;138;1;194.9
14101;74;14;9942.13
14102;6;8;1314.73
14104;155;5;771.58
14105;86;9;5703.98
14106;738;1;214.8
14107;52;13;4853.7
14108;31;5;1041.21
14109;24;2;80.2
14110;4;35;12957.6
14111;15;5;688.6
14112;23;27;5524.51
14113;4;31;6156.75
14114;274;7;1364.09
14115;502;2;622.67
14116;20;5;1382.74
14117;144;1;90.0
14118;429;1;458.45
14119;355;3;163.47
14120;431;1;-23.8
14121;4;6;2740.3
14122;395;5;309.77
14123;734;1;436.18
14124;85;1;419.58
14125;11;3;2740.43
14126;8;5;1109.96
14127;123;6;1900.08
14128;61;4;909.36
14129;2;9;2591.34
14130;320;4;1882.67
14131;649;1;187.87
14132;3;12;3580.13
14133;130;6;895.84
14134;383;15;11123.35
14135;2;25;9605.05
14136;401;7;1553.96
14137;682;2;294.1
14138;2;2;982.38
14139;47;4;1086.8
14140;4;3;920.05
14141;3;6;879.03
14142;374;4;967.75
14143;134;1;115.8
14144;487;1;30.6
14145;47;8;7006.05
14146;9;13;8208.87
14147;50;12;2019.3
14148;234;2;466.29
14149;213;3;259.43
14150;36;2;658.64
14151;674;3;666.7
14152;76;9;1975.44
14153;484;1;233.4
14154;240;10;6263.6
14155;267;1;118.75
14156;10;202;296564.69
14157;20;6;970.33
14158;41;1;507.66
14159;20;25;7571.88
14160;611;7;8421.47
14161;216;7;3318.88
14162;174;2;289.36
14163;88;5;2594.62
14164;71;2;1631.77
14165;276;1;122.54
14166;506;2;256.85
14167;40;8;1296.49
14168;421;3;305.9
14169;431;2;624.43
14170;376;3;597.33
14171;99;2;498.79
14172;606;4;389.97
14173;11;7;566.95
14174;34;1;134.46
14175;52;17;7350.44
14176;298;6;913.11
14177;85;14;2224.39
14178;9;7;1620.93
14179;41;2;719.78
14180;11;42;6110.75
14181;411;2;310.55
14182;444;5;660.07
14183;412;2;286.29
14184;67;1;452.89
14185;332;1;197.65
14186;428;5;1550.63
14187;474;1;123.5
14188;9;10;2018.91
14189;3;25;5764.62
14190;667;1;79.9
14191;2;17;4713.41
14192;389;1;293.74
14193;68;3;1210.19
14194;5;54;18442.87
14195;202;10;2381.24
14196;107;1;335.52
14197;411;1;390.05
14198;5;13;1527.58
14199;219;6;916.5
14200;618;1;379.2
14201;61;12;1134.14
14202;382;3;847.76
14203;398;1;339.34
14204;3;4;1062.96
14205;11;12;1908.38
14206;240;5;1145.21
14207;688;1;157.8
14208;95;2;567.05
14209;11;19;4937.37
14210;92;21;5814.32
14211;54;26;4301.69
14212;90;2;2190.14
14213;372;2;-1192.2
14214;31;7;1000.23
14215;12;10;3404.53
14216;4;6;2142.39
14217;2;33;3206.87
14218;43;1;169.48
14219;5;3;633.83
14220;248;4;1515.0
14221;43;19;6506.59
14222;178;1;683.17
14223;93;4;975.23
14224;111;9;1897.9
14225;435;5;2015.12
14226;29;9;2967.78
14227;27;22;6327.31
14228;438;3;745.5
14229;52;11;2468.99
14230;436;3;979.8
14231;180;6;1131.97
14232;32;8;2043.93
14233;44;10;2766.96
14234;23;4;775.46
14235;11;10;4666.99
14236;81;7;1732.74
14237;374;3;627.04
14238;327;3;434.23
14239;44;24;4203.72
14240;31;3;1247.49
14241;184;2;333.7
14242;235;2;280.55
14243;9;23;7365.36
14244;660;2;354.82
14245;177;5;1677.48
14246;111;3;1474.06
14247;279;6;769.71
14248;319;3;1032.95
14249;411;12;5625.46
14250;8;3;1904.05
14251;2;5;2879.7
14252;382;1;350.99
14253;494;2;363.4
14254;433;1;601.03
14255;547;4;-1441.6
14256;255;9;2397.34
14257;52;10;5942.0
14258;10;32;31027.35
14259;142;1;120.0
14260;472;3;824.28
14261;51;2;1163.45
14262;9;8;2618.23
14263;424;1;322.93
14264;155;8;1461.36
14265;110;4;1373.35
14266;429;1;40.56
14267;151;9;1259.19
14268;471;1;354.85
14269;436;2;261.68
14270;332;1;492.65
14271;226;2;219.13
14272;74;4;920.81
14273;52;4;559.97
14274;687;1;256.6
14275;396;6;1189.38
14276;89;13;1929.32
14277;16;14;4324.47
14278;410;1;205.83
14279;521;2;191.86
14280;197;1;134.04
14281;409;1;245.15
14282;4;26;7844.66
14283;464;4;628.44
14284;31;4;1282.85
14285;22;9;3158.64
14286;24;12;8396.7
14287;9;4;151.23
14288;213;2;413.85
14289;9;6;911.26
14290;12;14;4208.93
14291;2;25;7844.4
14292;8;27;8887.9
14293;4;10;3174.33
14294;408;1;375.34
14295;41;8;2316.06
14296;414;3;448.45
14297;18;6;1284.06
14298;4;84;90489.31
14299;9;41;12827.77
14300;19;1;43.2
14301;108;7;1956.23
14302;431;3;742.9
14303;408;2;277.94
14304;223;5;1523.81
14305;72;5;1803.76
14306;52;7;3141.5
14307;89;11;5063.08
14308;550;5;-849.45
14309;9;12;3747.96
14310;433;1;492.1
14311;226;3;435.9
14312;47;11;3090.29
14313;625;1;-302.31
14314;107;3;221.9
14315;22;10;3168.72
14316;423;6;1355.34
14317;65;1;508.58
14318;461;1;158.02
14319;425;2;476.95
14320;207;7;1204.12
14321;11;8;2198.58
14322;428;6;384.3
14323;115;4;574.26
14324;410;2;701.61
14325;570;1;245.48
14326;235;4;923.98
14327;164;6;1894.93
14328;431;3;-445.06
14329;9;28;9735.52
14330;624;1;200.63
14331;125;2;462.66
14332;23;5;1943.51
14333;65;2;351.45
14334;17;14;4292.98
14335;17;2;468.26
14336;17;4;1614.91
14337;732;1;-658.63
14338;159;5;894.1
14339;235;5;600.66
14340;219;1;134.7
14341;46;20;4443.47
14342;22;9;842.74
14343;422;4;1088.91
14344;128;20;3333.7
14345;39;1;108.98
14346;121;5;2315.75
14347;737;1;82.6
14348;261;1;409.57
14349;11;1;133.5
14350;271;4;947.8
14351;165;1;51.0
14352;158;4;1078.96
14353;216;3;376.5
14354;6;2;163.62
14355;366;3;1014.45
14356;61;4;666.94
14357;44;1;225.77
14358;390;3;384.3
14359;20;6;882.58
14360;32;4;2128.23
14361;579;1;214.71
14362;23;1;161.2
14363;403;2;227.47
14364;109;8;3717.35
14365;395;2;634.68
14366;526;1;136.0
14367;9;19;9167.82
14368;320;1;155.0
14369;643;2;469.13
14370;451;9;1092.13
14371;296;1;100.5
14372;444;3;830.18
14373;359;1;76.55
14374;542;1;108.0
14375;186;3;1132.99
14376;684;1;215.46
14377;192;2;617.05
14378;622;1;131.25
14379;45;4;1268.91
14380;604;2;-99.73
14381;53;2;631.34
14382;27;3;1240.85
14383;39;3;1247.69
14384;501;1;58.5
14385;10;3;202.11
14386;297;1;142.4
14387;33;3;1770.56
14388;9;20;6589.3
14389;9;11;1821.07
14390;11;18;6323.33
14391;577;1;135.6
14392;433;1;266.4
14393;219;1;67.95
14394;565;1;93.8
14395;3;24;8160.81
14396;66;7;2121.93
14397;1;23;2556.68
14398;402;2;707.79
14399;395;9;2098.16
14400;142;5;1703.0
14401;5;25;6703.4
14402;653;1;285.6
14403;131;9;1822.76
14404;34;15;2800.11
14405;387;1;195.0
14406;120;1;156.75
14407;108;9;2111.08
14408;11;11;4109.77
14409;72;10;3453.69
14410;16;17;2122.37
14411;311;1;1063.0
14412;36;4;1417.49
14413;363;4;770.37
14414;92;9;2387.48
14415;2;32;11915.13
14416;23;2;490.22
14417;388;1;604.2
14418;4;3;1937.25
14419;11;7;1260.91
14420;86;7;1627.72
14421;58;7;2456.62
14422;1;21;10200.92
14423;219;4;914.96
14424;18;1;322.08
14425;428;5;635.89
14426;19;27;11103.97
14427;51;4;1263.52
14428;8;7;1230.14
14429;404;1;516.28
14430;512;5;956.4
14431;299;5;2541.6
14432;10;6;2255.51
14433;466;1;289.6
14434;22;6;1372.8
14435;502;1;90.42
14436;99;2;271.7
14437;144;7;829.94
14438;307;1;131.9
14439;320;5;9443.04
14440;9;15;6526.83
14441;1;19;4361.59
14442;2;12;5272.02
14443;54;8;2351.58
14444;457;1;132.04
14445;456;1;221.65
14446;1;5;1241.31
14447;19;6;1711.73
14448;10;2;375.35
14449;19;8;2482.8
14450;181;7;1128.44
14451;61;18;3265.59
14452;11;4;665.59
14453;191;1;119.93
14454;377;6;970.7
14455;433;5;594.86
14456;6;14;3047.63
14457;311;1;113.64
14458;381;1;237.42
14459;156;3;5339.14
14460;111;12;919.6
14461;149;14;6697.6
14462;64;16;2231.89
14463;99;4;786.57
14464;569;2;111.0
14465;247;11;3946.03
14466;30;13;4646.9
14467;18;12;2220.99
14468;734;1;204.24
14469;417;4;2112.21
14470;12;3;712.04
14471;592;2;400.95
14472;104;9;2228.22
14473;75;2;234.34
14474;44;3;1268.13
14475;72;7;1025.12
14476;258;1;215.7
14477;20;10;1960.61
14478;383;4;1276.66
14479;254;4;1299.11
14480;12;5;1295.27
14481;165;6;1935.32
14482;19;14;4192.25
14483;150;3;249.2
14484;51;4;1070.98
14485;39;1;165.75
14486;512;2;175.5
14487;27;8;1428.11
14488;52;2;1047.43
14489;208;4;1574.93
14490;407;2;1273.47
14491;176;2;468.13
14492;431;10;1574.36
14493;8;14;5036.05
14494;26;3;401.46
14495;51;4;166.3
14496;312;10;2645.88
14497;302;3;679.16
14498;43;10;3911.27
14499;27;10;2120.62
14500;89;3;356.85
14501;65;3;190.31
14502;20;14;2351.02
14503;4;6;3543.26
14504;48;4;673.26
14505;18;27;11718.8
14506;18;7;3290.67
14507;24;14;3172.49
14508;23;6;856.09
14509;535;1;110.95
14510;376;4;991.98
14511;12;6;1267.41
14512;188;7;1223.47
14513;101;7;770.91
14514;62;10;4594.73
14515;18;15;3718.9
14516;517;1;163.92
14517;34;2;330.45
14518;65;1;174.37
14519;684;2;206.09
14520;2;2;270.6
14521;478;2;167.65
14522;25;8;1758.62
14523;109;1;241.09
14524;32;13;2933.71
14525;9;21;8129.81
14526;390;1;262.4
14527;3;190;25774.54
14528;38;1;364.22
14529;61;3;620.04
14530;26;19;6077.15
14531;480;1;376.34
14532;237;12;3846.43
14533;25;15;3185.12
14534;3;38;5786.42
14535;60;11;5872.63
14536;260;1;171.8
14537;58;3;635.45
14538;65;5;1370.84
14539;16;2;537.48
14540;10;12;3785.44
14541;59;14;2499.68
14542;186;1;103.25
14543;4;50;12194.01
14544;25;3;2982.43
14545;675;1;349.25
14546;5;20;5001.03
14547;4;9;3986.74
14548;151;9;2627.49
14549;312;4;916.55
14550;11;4;1353.31
14551;19;9;858.59
14552;152;3;511.28
14553;20;10;1816.04
14554;11;4;2381.04
14555;58;7;2306.48
14556;597;3;835.34
14557;65;2;0.0
14558;654;5;614.1
14559;391;1;75.6
14560;8;46;6050.44
14561;76;3;1080.76
14562;4;30;6363.85
14563;510;2;679.44
14564;428;5;2519.32
14565;96;7;3833.87
14566;111;4;4092.0
14567;36;3;1524.46
14568;425;2;909.5
14569;2;4;598.98
14570;281;3;613.75
14571;426;1;161.65
14572;4;15;5573.28
14573;180;17;2571.72
14574;733;1;143.7
14575;489;1;460.71
14576;373;1;70.8
14577;13;7;1374.25
14578;4;1;168.63
14579;433;1;105.56
14580;519;1;14.85
14581;17;2;433.8
14582;41;1;114.11
14583;6;8;1781.03
14584;170;9;1734.91
14585;51;5;1143.27
14586;228;3;134.16
14587;19;10;1598.24
14588;579;1;135.39
14589;372;1;79.5
14590;425;28;2884.29
14591;16;4;1447.14
14592;36;3;570.46
14593;22;18;3615.17
14594;8;2;634.83
14595;20;8;2164.45
14596;627;1;229.47
14597;12;6;2201.54
14598;45;3;221.97
14599;391;2;474.54
14600;306;2;865.17
14601;11;1;213.96
14602;657;1;205.36
14603;275;1;660.0
14604;634;1;143.86
14605;375;4;937.16
14606;2;259;30094.38
14607;16;27;18745.56
14608;5;12;3273.44
14609;73;11;1366.2
14610;396;2;24.35
14611;440;3;599.38
14612;416;1;877.7
14613;681;1;76.32
14614;387;1;295.13
14615;395;6;934.26
14616;243;5;527.78
14617;403;2;190.47
14618;10;9;1295.67
14619;240;3;1276.31
14620;205;3;393.28
14621;2;16;2878.27
14622;185;1;320.58
14623;33;12;2030.83
14624;58;6;814.07
14625;186;18;4391.53
14626;9;15;5374.77
14627;312;3;406.4
14628;92;5;1998.0
14629;5;3;939.21
14630;485;1;338.65
14631;51;7;2023.17
14632;263;1;114.56
14633;267;1;344.9
14634;438;7;1971.82
14635;454;1;215.22
14636;37;2;609.85
14637;678;1;106.68
14638;51;1;443.6
14639;53;11;4946.81
14640;16;16;3464.03
14641;22;1;110.46
14642;59;1;96.12
14643;171;6;1654.69
14644;10;12;2077.47
14645;157;4;840.24
14646;2;163;523342.07
14647;202;2;519.97
14648;404;19;4458.21
14649;5;11;3754.16
14650;590;1;62.5
14651;68;9;2034.12
14652;78;1;114.18
14653;2;12;3614.54
14654;739;1;246.86
14655;4;12;3829.23
14656;170;5;814.65
14657;18;7;1450.92
14658;6;2;247.15
14659;9;12;2456.53
14660;87;2;285.74
14661;27;1;107.95
14662;29;7;1416.33
14663;431;2;490.6
14664;20;2;637.89
14665;61;9;2172.33
14666;25;1;195.25
14667;11;61;21720.59
14668;446;1;111.63
14669;242;7;3243.93
14670;281;3;602.0
14671;550;2;1127.45
14672;235;4;1113.14
14673;4;7;3410.81
14674;510;1;173.66
14675;17;2;1066.9
14676;32;16;8285.49
14677;593;1;184.91
14678;572;2;386.44
14679;372;5;1270.4
14680;26;87;54801.34
14681;72;6;875.15
14682;188;6;1514.81
14683;589;1;146.56
14684;26;6;1468.55
14685;577;13;4324.31
14686;415;6;877.88
14687;107;3;1402.06
14688;8;34;7190.08
14689;209;1;112.8
14690;45;5;781.24
14691;31;5;2114.33
14692;138;13;1735.59
14693;265;8;1139.86
14694;618;1;244.31
14695;520;4;1552.57
14696;5;10;2758.67
14697;219;2;188.61
14698;2;5;1250.76
14699;215;4;702.6
14700;33;5;3116.26
14701;11;18;4498.94
14702;2;32;6695.72
14703;15;1;318.17
14704;12;11;1813.57
14705;199;1;179.0
14706;619;1;390.69
14707;436;2;139.2
14708;3;6;2182.58
14709;16;27;8866.48
14710;15;13;1922.59
14711;11;12;2838.2
14712;30;4;1328.07
14713;10;25;5372.47
14714;25;7;896.4
14715;25;8;1840.45
14716;44;3;565.45
14717;734;2;72.8
14718;411;1;226.42
14719;2;6;1592.18
14720;6;3;663.81
14721;380;1;115.77
14722;148;3;513.37
14723;11;11;2093.06
14724;591;1;345.25
14725;25;5;1264.84
14726;655;1;124.75
14727;275;4;291.13
14728;414;1;190.58
14729;374;3;907.38
14730;2;8;2005.06
14731;48;3;380.02
14732;9;24;5447.52
14733;10;18;16050.6
14734;417;5;1045.47
14735;4;59;11909.71
14736;486;2;401.08
14737;4;4;3554.17
14738;40;12;1763.64
14739;3;28;12269.57
14740;192;13;4068.86
14741;12;7;1897.59
14742;436;1;579.85
14743;593;1;50.48
14744;17;17;3821.02
14745;113;17;2491.46
14746;407;4;593.5
14747;248;2;294.3
14748;30;16;2672.25
14749;480;1;310.15
14750;737;1;112.03
14751;685;2;126.45
14752;44;1;389.64
14753;88;2;869.51
14754;45;7;1546.28
14755;10;30;9851.45
14756;16;4;2613.46
14757;76;1;420.5
14758;145;7;2864.97
14759;5;3;1625.97
14760;295;2;53.8
14761;59;3;447.92
14762;264;2;417.57
14763;733;1;-9.95
14764;44;2;250.55
14765;30;3;254.11
14766;9;14;6431.98
14767;475;1;382.81
14768;18;3;139.5
14769;3;21;15696.67
14770;233;9;3624.89
14771;606;3;579.92
14772;113;1;139.26
14773;589;2;125.7
14774;529;1;241.45
14775;59;3;1418.46
14776;52;19;3339.02
14777;5;4;239.26
14778;128;2;730.86
14779;281;3;386.15
14780;55;2;447.68
14781;421;1;-530.31
14782;320;1;200.1
14783;656;2;305.35
14784;27;3;449.93
14785;11;2;77.4
14786;551;1;90.96
14787;472;1;110.65
14788;8;3;1156.32
14789;29;1;197.64
14790;17;10;2526.62
14791;607;1;303.63
14792;64;2;0.0
14793;5;3;611.05
14794;3;13;1889.15
14795;167;1;131.45
14796;2;39;10691.12
14797;508;1;300.31
14798;53;9;715.11
14799;52;2;338.15
14800;48;23;7415.59
14801;62;1;193.14
14802;431;6;-1502.98
14803;163;3;845.55
14804;9;1;353.27
14805;16;7;1104.64
14806;76;2;303.43
14807;391;2;519.29
14808;40;15;2175.37
14809;622;2;686.76
14810;41;13;2537.02
14811;388;1;170.5
14812;599;1;185.8
14813;370;4;1090.87
14814;582;1;160.46
14815;37;2;778.5
14816;198;1;271.85
14817;201;9;3889.21
14818;74;6;1170.41
14819;65;4;470.16
14820;22;9;1274.76
14821;367;7;1286.45
14822;486;1;157.7
14823;181;3;321.43
14824;11;12;3952.51
14825;4;27;4886.28
14826;582;2;385.2
14828;197;14;9803.46
14829;30;9;1639.94
14830;54;1;197.13
14831;575;7;1623.97
14832;631;3;-274.63
14833;499;1;94.8
14834;18;9;2184.21
14835;528;3;293.1
14836;11;3;102.45
14837;90;12;3445.82
14838;424;2;773.67
14839;419;3;915.28
14840;268;3;340.21
14841;54;14;7163.0
14842;36;8;2456.8
14843;437;1;211.8
14844;64;12;6688.43
14845;600;1;150.0
14846;424;2;406.8
14847;149;4;1320.6
14848;405;1;310.56
14849;22;50;15542.44
14850;312;9;1575.21
14851;24;3;829.41
14852;59;21;6123.63
14853;9;7;1351.37
14854;79;14;4302.17
14855;120;7;6520.3
14856;37;3;1311.38
14857;60;10;3578.93
14858;506;1;180.75
14859;13;6;1703.94
14860;9;2;168.62
14861;53;14;1318.4
14862;26;2;841.2
14863;30;1;266.76
14864;732;1;-48.75
14865;8;4;129.72
14866;11;20;20657.77
14867;186;19;2901.46
14868;4;13;4170.06
14869;4;9;2776.8
14870;262;9;1794.6
14871;4;9;1258.97
14872;481;4;802.68
14873;211;2;854.13
14874;536;1;116.18
14875;10;7;2841.55
14876;522;2;256.7
14877;419;2;437.0
14878;13;28;3812.22
14879;685;1;185.06
14880;78;3;706.19
14881;20;1;255.4
14882;27;15;3426.55
14883;19;7;756.64
14884;670;1;120.6
14885;132;4;1496.12
14886;253;1;364.8
14887;80;1;1862.0
14888;208;1;369.2
14889;337;1;135.9
14890;254;3;817.25
14891;149;4;1106.73
14892;691;1;202.35
14893;10;6;1782.26
14894;86;5;1412.21
14895;8;48;24488.82
14896;205;10;1973.47
14897;8;9;3100.74
14898;24;18;3356.86
14899;396;1;1384.88
14900;523;1;13.92
14901;12;13;2277.05
14902;22;5;1000.27
14903;22;10;2744.48
14904;3;4;1640.64
14905;155;10;1939.69
14906;446;3;-66.98
14907;4;23;6094.69
14908;75;2;381.9
14909;429;5;1380.98
14910;3;7;389.86
14911;2;510;270248.53
14912;17;11;748.58
14913;36;8;4073.13
14914;606;1;-5.85
14915;86;13;1752.65
14916;71;11;2888.21
14917;597;2;1123.75
14918;116;9;5955.81
14919;540;1;359.35
14920;213;3;1607.17
14921;31;2;1316.07
14922;394;2;843.74
14923;51;1;749.1
14924;246;3;931.01
14925;732;1;-7.95
14926;382;3;337.65
14927;397;1;308.2
14928;620;2;204.46
14929;33;2;836.69
14930;109;9;5136.64
14931;5;6;964.68
14932;366;2;1029.66
14933;444;5;885.0
14934;73;9;2444.1
14935;298;2;2849.83
14936;10;14;12378.46
14937;57;4;1617.63
14938;503;4;2289.43
14939;631;1;-934.66
14940;418;2;531.49
14941;579;1;182.1
14942;402;5;706.56
14943;664;1;107.62
14944;30;24;9674.92
14945;414;1;179.4
14946;15;1;100.9
14947;73;6;1049.79
14948;24;7;1066.57
14949;460;6;498.55
14950;9;2;361.25
14951;80;1;311.69
14952;47;43;17244.25
14953;26;5;1005.37
14954;13;2;503.44
14955;733;1;163.77
14956;422;1;1325.0
14957;254;2;333.29
14958;148;6;957.94
14959;60;5;684.97
14960;9;2;221.27
14961;11;28;16328.9
14962;271;4;366.91
14963;10;13;3158.63
14964;248;1;206.21
14965;97;2;599.0
14966;15;6;1115.84
14967;50;7;1680.52
14968;31;2;504.99
14969;704;1;906.23
14970;69;16;3593.4
14971;36;3;1116.57
14972;129;2;145.07
14973;108;3;1314.45
14974;38;1;114.39
14975;58;2;472.39
14976;58;8;765.86
14977;726;1;31.93
14978;73;12;3106.34
14979;736;1;439.46
14980;738;1;150.68
14981;247;3;313.52
14982;573;1;237.78
14983;690;1;183.2
14984;20;6;1271.41
14985;199;2;296.75
14986;377;2;566.9
14987;16;9;1632.25
14988;212;7;2066.6
14989;662;1;342.4
14990;613;2;305.42
14991;431;1;314.67
14992;443;1;210.5
14993;564;1;36.13
14994;383;8;886.33
14995;39;2;233.23
14996;482;2;442.29
14997;47;5;771.38
14998;171;4;770.73
14999;593;1;129.48
15000;48;1;490.52
15001;395;2;230.86
15002;116;9;4817.28
15003;474;7;1055.7
15004;148;1;1246.32
15005;16;76;13763.27
15006;52;2;825.14
15007;160;1;156.91
15008;481;2;360.0
15009;13;3;1261.78
15010;36;1;308.94
15011;396;2;416.6
15012;54;3;860.62
15013;488;10;1641.3
15014;44;2;260.17
15015;502;20;2275.82
15016;173;6;622.3
15017;34;1;125.58
15018;39;4;567.51
15019;267;1;266.0
15020;380;1;203.42
15021;9;17;2689.59
15022;12;5;1186.09
15023;4;23;12092.19
15024;10;16;4075.51
15025;34;2;1013.09
15026;81;5;1061.61
15027;31;13;2974.04
15028;9;6;1157.71
15029;619;2;362.15
15030;72;9;1964.66
15031;5;16;2857.37
15032;257;10;13285.65
15033;5;11;2571.02
15034;16;17;8282.45
15035;90;1;252.73
15036;73;3;465.55
15037;377;2;402.51
15038;44;10;1269.96
15039;10;107;39742.99
15040;542;1;7.49
15041;171;2;294.02
15042;200;2;315.45
15043;32;6;2873.8
15044;20;47;15841.53
15045;152;3;633.66
15046;10;28;7583.38
15047;270;1;343.62
15048;66;5;479.27
15049;274;1;121.17
15050;26;7;4138.87
15051;24;10;3920.16
15052;320;1;215.78
15053;5;3;697.79
15054;13;2;302.1
15055;475;3;560.07
15056;521;1;133.45
15057;276;6;3184.56
15058;26;17;3377.18
15059;41;27;3427.62
15060;9;4;303.09
15061;4;138;136391.48
15062;72;8;2585.62
15063;214;1;370.8
15064;411;4;1254.41
15065;38;7;3304.71
15066;32;2;760.59
15067;79;6;3865.13
15068;47;4;1176.85
15069;180;1;1109.53
15070;373;3;843.25
15071;94;4;1455.56
15072;480;1;187.52
15073;10;9;2357.04
15074;106;3;1566.33
15075;78;1;773.03
15076;173;5;1425.84
15077;457;4;2423.88
15078;8;64;17576.52
15079;213;17;3686.75
15080;428;2;546.25
15081;23;13;1948.27
15082;669;1;93.35
15083;257;1;88.2
15084;380;2;965.2
15085;730;1;347.54
15086;565;2;218.53
15087;282;1;306.94
15088;22;3;1140.27
15089;11;6;2420.84
15090;309;1;381.32
15091;54;6;1023.11
15092;216;4;773.16
15093;19;34;13657.88
15094;464;2;83.0
15095;104;11;3135.74
15096;43;1;219.39
15097;5;5;587.05
15098;183;5;649.5
15099;85;1;410.48
15100;331;14;2319.5
15101;9;11;1303.49
15102;531;2;554.67
15103;32;2;703.36
15104;167;3;1002.54
15105;19;9;3094.91
15106;18;7;1407.73
15107;312;12;856.26
15108;142;5;1291.75
15109;241;4;961.9
15110;24;9;1480.0
15111;30;5;2730.87
15112;612;1;209.4
15113;10;4;3439.41
15114;31;12;3400.12
15115;19;3;528.1
15116;18;4;1352.75
15117;15;9;2484.32
15118;135;1;244.8
15119;246;1;266.4
15120;130;2;343.82
15121;51;2;457.72
15122;86;16;4461.42
15123;8;5;4656.17
15124;23;4;450.82
15125;26;36;16124.33
15126;537;2;449.49
15127;66;2;711.5
15128;61;9;1732.22
15129;51;23;6860.18
15130;170;1;330.11
15131;395;1;80.28
15132;19;5;977.93
15133;128;5;1806.9
15134;15;10;1596.29
15135;234;3;293.78
15136;3;5;1282.45
15137;521;5;747.55
15138;386;2;486.59
15139;240;2;178.96
15140;53;9;3239.44
15141;458;9;1378.31
15142;47;7;2608.97
15143;226;2;563.63
15144;9;33;12006.51
15145;5;4;1194.73
15146;165;3;1313.66
15147;219;2;608.65
15148;11;1;301.29
15149;134;5;1554.61
15150;18;14;8990.58
15151;424;2;2085.61
15152;10;18;5197.97
15153;32;1;329.25
15154;75;4;1332.26
15155;384;1;383.97
15156;2;3;961.49
15157;4;7;2587.54
15158;46;3;437.66
15159;2;38;22049.4
15160;358;4;589.27
15161;389;1;119.92
15162;729;2;241.5
15163;19;2;304.47
15164;69;10;2052.02
15165;374;1;975.5
15166;468;1;167.16
15167;321;5;1659.67
15168;26;1;106.56
15169;383;2;569.22
15170;407;1;81.15
15171;325;2;1034.5
15172;9;5;1624.05
15173;381;8;1399.26
15174;323;2;481.46
15175;72;1;224.14
15176;597;2;985.09
15177;426;1;948.93
15178;261;1;40.5
15179;19;17;7426.82
15180;368;3;904.43
15181;67;8;948.45
15182;155;14;2942.75
15183;548;4;637.03
15184;30;4;689.95
15185;71;1;310.62
15186;15;5;1403.2
15187;2;18;4670.08
15188;726;1;310.43
15189;2;58;17101.13
15190;435;1;834.44
15191;464;3;588.05
15192;120;5;1981.39
15193;61;1;499.32
15194;4;39;12187.68
15195;3;1;3861.0
15196;433;2;316.25
15197;9;10;1427.84
15198;93;6;559.45
15199;60;10;3122.4
15200;495;1;549.05
15201;79;14;1525.9
15202;421;8;-2570.18
15203;26;15;4400.18
15204;358;1;316.58
15205;86;3;648.83
15206;11;4;420.3
15207;410;5;653.77
15208;2;7;968.02
15209;731;1;178.98
15210;226;3;1176.19
15211;61;2;1277.48
15212;240;3;195.43
15213;319;3;325.05
15214;2;8;1661.44
15215;45;11;1496.46
15216;88;2;486.09
15217;564;1;426.24
15218;11;25;11456.0
15219;177;2;685.45
15220;52;7;1758.92
15221;367;7;1816.1
15222;319;17;3415.66
15223;226;6;1117.1
15224;359;8;837.26
15225;235;1;409.4
15226;311;1;154.41
15227;37;9;2488.49
15228;67;7;5570.52
15229;587;1;160.5
15230;240;2;429.6
15231;597;2;228.36
15232;114;2;612.06
15233;402;1;59.4
15234;277;1;197.0
15235;218;16;2937.81
15236;299;1;321.05
15237;2;4;1412.32
15238;30;5;1056.54
15239;11;3;764.34
15240;45;20;4315.0
15241;67;12;3032.31
15242;423;1;302.04
15243;75;2;927.28
15244;66;4;850.18
15245;135;8;4610.84
15246;239;3;780.4
15247;123;4;967.11
15248;412;4;1865.03
15249;32;21;9147.15
15250;641;1;60.0
15251;10;31;20095.6
15252;37;7;2053.06
15253;17;12;2033.29
15254;128;4;1073.4
15255;67;11;3670.77
15256;149;2;170.4
15257;282;3;600.9
15258;169;2;623.16
15259;513;4;1182.38
15260;101;30;9098.38
15261;136;4;1508.0
15262;324;3;418.82
15263;107;1;156.51
15264;65;3;844.2
15265;152;4;3345.64
15266;339;6;841.7
15267;23;5;1717.36
15268;479;4;941.25
15269;24;3;1225.36
15270;16;31;7193.99
15271;8;26;4639.29
15272;58;6;2085.48
15273;600;1;228.96
15274;5;2;716.57
15275;32;2;609.19
15276;67;5;631.03
15277;47;2;476.34
15278;562;4;496.16
15279;355;7;1541.74
15280;173;3;406.22
15281;59;22;8317.62
15282;571;1;348.59
15283;391;4;135.43
15284;501;1;24.75
15285;408;1;94.92
15286;50;1;240.55
15287;23;6;854.58
15288;44;10;3883.13
15289;30;7;1570.71
15290;5;30;10355.58
15291;26;53;13451.24
15292;202;1;180.94
15293;666;1;247.5
15294;401;2;222.3
15295;655;1;217.24
15296;45;20;10223.93
15297;11;4;635.04
15298;3;29;8356.03
15299;68;15;7243.62
15300;65;1;496.44
15301;51;19;7561.21
15302;723;2;291.05
15303;291;4;1178.78
15304;61;11;905.45
15305;556;1;93.6
15306;65;10;3480.98
15307;96;1;205.3
15308;271;2;302.27
15309;611;10;715.53
15310;479;1;1634.64
15311;1;270;113513.07
15312;76;14;2916.49
15313;111;1;52.0
15314;200;4;800.65
15315;65;3;551.54
15316;327;1;165.0
15317;678;2;112.05
15318;4;1;312.62
15319;284;1;204.5
15320;45;1;267.13
15321;50;18;6560.65
15322;65;3;1314.15
15323;534;4;320.9
15324;702;1;140.22
15325;104;9;1596.81
15326;334;10;1529.82
15327;53;1;208.75
15328;408;1;107.24
15329;36;20;2742.98
15330;33;2;714.96
15331;500;4;755.41
15332;367;6;6553.74
15333;209;1;1028.56
15334;157;3;351.67
15335;54;1;173.97
15336;402;1;240.5
15337;403;2;344.72
15338;678;1;283.43
15339;67;11;1634.09
15340;562;1;105.5
15341;81;3;2401.02
15342;117;2;391.76
15343;88;1;364.5
15344;1;5;476.58
15345;36;2;367.69
15346;333;4;591.65
15347;367;6;1333.9
15348;73;1;158.04
15349;159;2;473.81
15350;374;2;663.25
15351;13;15;3615.18
15352;549;1;114.95
15353;255;8;3154.05
15354;599;7;-94.8
15355;30;2;277.05
15356;32;13;3464.95
15357;683;1;-36.75
15358;5;55;16837.35
15359;555;9;162.6
15360;40;1;427.93
15361;362;4;689.07
15362;449;2;613.08
15363;242;3;996.16
15364;96;2;913.19
15365;26;15;3573.26
15366;76;7;2389.08
15367;58;13;5005.73
15368;22;2;722.74
15369;145;13;1713.39
15370;41;9;3713.51
15371;663;1;59.4
15372;138;10;5954.42
15373;9;18;3218.59
15374;129;2;307.32
15375;691;1;60.96
15376;41;3;1233.36
15377;383;5;1179.95
15378;463;2;246.5
15379;170;9;4806.44
15380;9;13;3422.2
15381;214;6;1887.62
15382;15;20;13646.5
15383;683;1;-10.5
15384;170;5;2014.49
15385;41;3;942.08
15386;187;1;394.14
15387;493;1;468.65
15388;271;1;140.54
15389;173;5;2733.8
15390;397;2;1216.66
15391;571;2;282.92
15392;5;8;2891.82
15393;17;5;891.34
15394;10;13;5251.4
15395;326;1;107.45
15396;113;2;796.38
15397;290;1;94.0
15398;17;3;1339.63
15399;2;3;815.77
15400;93;9;1252.8
15401;453;2;216.95
15402;149;7;1816.64
15403;492;2;170.88
15404;376;1;257.06
15405;190;2;659.84
15406;19;6;891.77
15407;34;4;1056.44
15408;265;1;267.18
15409;702;2;117.2
15410;85;10;4685.72
15411;27;5;1346.38
15412;172;1;190.53
15413;431;7;-2531.38
15414;10;3;774.9
15415;314;1;572.81
15416;65;9;4554.65
15417;86;1;508.8
15418;426;2;452.32
15419;25;1;135.86
15420;435;6;743.0
15421;59;10;3805.34
15422;324;8;1615.02
15423;39;4;219.14
15424;255;3;597.78
15425;401;4;1944.57
15426;20;11;2592.95
15427;34;3;1483.14
15428;16;4;762.75
15429;27;3;364.9
15430;468;3;903.75
15431;503;1;153.24
15432;24;4;301.26
15433;80;3;417.87
15434;9;13;2517.11
15435;23;1;149.29
15436;13;3;1122.53
15437;263;2;393.45
15438;132;1;156.58
15439;405;4;1269.05
15440;55;3;383.68
15441;397;3;1254.21
15442;249;1;594.0
15443;2;16;5116.14
15444;10;2;1418.26
15445;265;2;284.5
15446;377;5;398.85
15447;331;6;484.93
15448;313;2;788.81
15449;27;5;971.22
15450;31;1;429.84
15451;435;2;233.21
15452;30;6;1799.11
15453;2;7;1388.37
15454;363;2;307.69
15455;598;1;38.25
15456;284;10;2119.27
15457;263;1;237.07
15458;26;2;370.44
15459;418;2;202.83
15460;355;1;216.76
15461;461;3;391.3
15462;95;4;737.05
15463;30;1;126.14
15464;339;1;1048.85
15465;20;39;12226.15
15466;86;4;1571.01
15467;10;4;511.88
15468;36;7;1387.48
15469;44;6;834.4
15470;576;1;63.42
15471;3;3;1316.56
15472;114;1;371.56
15473;15;11;1740.0
15474;596;1;163.1
15475;78;1;454.11
15476;381;5;2180.28
15477;650;1;368.4
15478;41;3;2024.98
15479;734;1;147.4
15480;117;7;3592.25
15481;402;1;1993.34
15482;16;24;8107.83
15483;162;10;862.2
15484;2;7;4624.8
15485;31;8;5624.51
15486;528;1;102.0
15487;680;1;231.32
15488;93;5;431.92
15489;23;12;2327.36
15490;431;2;188.1
15491;96;7;3090.85
15492;29;2;659.46
15493;33;11;4280.43
15494;22;6;3770.95
15495;380;1;246.5
15496;632;1;146.14
15497;18;11;8643.46
15498;1;55;23860.81
15499;724;1;161.6
15500;9;4;1131.56
15501;405;2;402.5
15502;16;27;8673.53
15503;363;2;267.15
15504;82;5;413.9
15505;53;7;3497.14
15506;23;6;2040.03
15507;172;1;492.36
15508;190;6;1000.27
15509;381;1;166.51
15510;331;1;250.0
15511;12;5;909.23
15512;156;4;331.58
15513;32;41;27264.45
15514;13;20;5422.28
15515;388;1;171.81
15516;45;3;62.43
15517;234;1;267.03
15518;65;23;4103.78
15519;384;2;344.61
15520;2;1;343.5
15521;37;24;6674.44
15522;33;2;398.84
15523;85;18;17220.04
15524;25;2;591.4
15525;3;5;1280.8
15526;34;2;148.44
15527;19;31;5041.78
15528;255;1;229.33
15529;23;13;5084.5
15530;22;5;1813.72
15531;9;2;2007.44
15532;26;12;3708.05
15533;20;5;746.92
15534;726;1;162.25
15535;174;10;985.82
15536;410;1;259.09
15537;164;1;110.92
15538;538;11;3027.15
15539;8;1;538.46
15540;12;2;460.68
15541;115;1;85.13
15542;513;4;895.9
15543;289;2;242.84
15544;9;26;8134.12
15545;55;2;428.05
15546;607;3;539.55
15547;8;28;10140.89
15548;596;1;158.09
15549;78;9;2308.46
15550;5;14;1995.6
15551;37;9;1659.28
15552;218;2;252.52
15553;61;1;437.23
15554;278;1;217.2
15555;13;46;11744.08
15556;25;1;279.77
15557;29;1;473.65
15558;640;2;143.33
15559;569;1;1109.4
15560;398;2;153.52
15561;12;9;1856.54
15562;352;3;673.38
15563;9;11;2781.21
15564;464;2;70.74
15565;51;2;173.16
15566;393;2;227.87
15567;19;1;186.01
15568;3;3;758.29
15569;104;10;3586.35
15570;8;27;9246.99
15571;12;14;4051.63
15572;5;10;4068.67
15573;32;5;1207.18
15574;178;7;1476.7
15575;620;1;30.1
15576;38;1;940.67
15577;152;5;397.98
15578;163;1;127.1
15579;69;7;1267.25
15580;377;14;1221.95
15581;121;43;5797.78
15582;25;3;682.91
15583;377;1;107.86
15584;24;7;1275.0
15585;177;1;455.3
15586;592;4;1128.66
15587;51;7;1522.08
15588;678;1;579.6
15589;253;4;456.58
15590;290;6;1466.41
15591;583;3;217.9
15592;47;1;388.58
15593;71;1;199.8
15594;16;6;1767.53
15595;488;1;357.6
15596;101;16;3023.59
15597;30;3;554.52
15598;36;4;543.02
15599;27;3;1250.06
15600;429;5;1178.71
15601;12;35;14919.22
15602;9;25;2975.97
15603;79;3;74.73
15604;53;1;216.39
15605;37;10;1933.4
15606;58;19;4733.47
15607;337;13;1578.57
15608;29;5;1785.98
15609;183;2;270.03
15610;52;1;112.46
15611;10;32;2858.37
15612;37;2;195.15
15613;611;1;433.72
15614;429;7;3008.86
15615;11;54;21282.07
15616;439;1;317.11
15617;397;3;828.55
15618;33;5;747.03
15619;11;1;336.4
15620;51;8;1909.93
15621;5;6;1158.77
15622;4;30;7318.08
15623;142;8;2437.05
15624;117;4;588.13
15625;101;14;3203.25
15626;75;4;1049.37
15627;458;2;566.9
15628;5;21;5603.36
15629;451;4;2240.9
15630;46;4;1475.45
15631;643;1;596.67
15632;16;10;3147.31
15633;510;18;4173.41
15634;18;2;554.65
15635;396;1;100.35
15636;90;4;1444.58
15637;53;5;797.59
15638;302;9;2137.2
15639;135;5;1028.33
15640;5;34;23835.41
15641;106;12;5345.55
15642;730;1;105.78
15643;180;6;647.4
15644;167;4;813.0
15645;19;4;1042.57
15646;158;6;952.11
15647;416;1;169.0
15648;205;4;599.9
15649;337;4;2170.35
15650;516;3;539.03
15651;37;5;1259.06
15652;92;6;1411.84
15653;93;2;877.44
15654;10;2;922.53
15655;234;2;511.32
15656;46;4;748.5
15657;23;1;30.0
15658;191;13;2270.34
15659;44;3;532.49
15660;26;18;2764.14
15661;318;8;1215.95
15662;662;2;283.73
15663;107;1;138.14
15664;51;7;1212.35
15665;169;5;4015.12
15666;473;2;632.94
15667;40;1;301.32
15668;218;1;76.32
15669;41;5;677.69
15670;297;3;315.2
15671;19;10;2635.49
15672;726;1;45.3
15673;89;10;6409.84
15674;74;18;6217.85
15675;82;4;542.04
15676;10;5;3324.09
15677;50;3;1305.63
15678;53;3;1893.89
15679;25;4;781.28
15680;10;12;4464.48
15681;19;16;2480.2
15682;600;3;316.99
15683;118;2;524.54
15684;548;6;147.8
15685;451;1;55.98
15686;421;1;90.0
15687;9;11;2981.5
15688;419;1;190.57
15689;120;3;521.03
15690;5;2;239.76
15691;253;5;511.8
15692;29;1;191.04
15693;660;1;37.5
15694;1;29;10566.46
15695;267;4;1131.04
15696;34;21;3757.47
15697;690;1;246.75
15698;625;1;46.2
15699;18;1;309.65
15700;173;3;664.03
15701;3;4;1542.14
15702;477;2;140.39
15703;265;1;211.5
15704;141;8;3744.18
15705;202;1;143.1
15706;60;7;1001.81
15707;36;4;945.58
15708;41;14;4323.98
15709;284;2;327.85
15710;418;1;898.87
15711;557;2;420.25
15712;10;13;3467.46
15713;144;6;985.99
15714;12;5;784.81
15715;556;5;658.02
15716;146;11;3056.81
15717;235;5;607.0
15718;541;1;293.79
15719;33;39;10134.36
15720;25;2;741.92
15721;12;1;507.08
15722;36;15;5120.05
15723;365;4;947.65
15724;202;5;299.8
15725;16;1;415.25
15726;391;1;321.91
15727;17;15;9445.51
15728;50;3;409.8
15729;199;5;154.7
15730;66;7;1708.18
15731;554;1;125.3
15732;213;12;1637.52
15733;283;1;162.3
15734;115;4;2263.3
15735;422;1;327.68
15736;431;3;1717.27
15737;15;12;1121.21
15738;19;45;13342.12
15739;67;1;449.12
15740;50;1;154.88
15741;459;2;208.62
15742;620;1;156.87
15743;17;4;784.46
15744;78;1;34.8
15745;9;6;1071.24
15746;135;2;182.96
15747;13;10;2560.66
15748;41;3;614.76
15749;236;4;21535.9
15750;3;24;6692.55
15751;461;14;1318.84
15752;40;10;4199.09
15753;305;1;79.2
15754;51;12;3001.86
15755;2;20;5936.95
15756;62;4;532.96
15757;66;6;2940.36
15758;25;1;205.25
15759;219;10;810.98
15760;631;5;-5795.87
15761;443;1;143.05
15762;66;2;583.75
15763;32;3;1048.67
15764;82;14;4453.28
15765;667;1;370.63
15766;65;4;799.66
15767;642;2;-242.7
15768;116;36;15559.46
15769;8;51;84269.38
15770;613;1;321.45
15771;605;3;1006.54
15772;419;1;280.88
15773;6;2;774.52
15774;69;7;1324.2
15775;246;2;150.5
15776;134;1;241.62
15777;242;9;1732.16
15778;432;1;307.95
15779;464;2;124.08
15780;184;3;475.28
15781;26;4;333.56
15782;10;6;3985.65
15783;11;1;246.3
15784;468;2;848.33
15785;30;26;5825.33
15786;44;9;8392.85
15787;27;3;948.05
15788;501;2;215.53
15789;359;7;1932.01
15790;11;1;220.85
15791;44;9;3541.79
15792;400;2;933.84
15793;10;9;2382.92
15794;737;2;777.0
15795;150;8;1979.87
15796;2;22;5019.95
15797;114;6;2821.08
15798;493;3;1535.37
15799;76;4;1424.29
15800;108;7;1242.58
15801;47;4;1042.19
15802;143;3;-451.42
15803;52;4;1929.66
15804;1;19;3848.55
15805;24;40;9708.92
15806;47;3;784.58
15807;51;6;1807.57
15808;307;24;18248.83
15809;36;9;862.88
15810;79;13;2724.8
15811;18;10;3843.22
15812;108;13;5186.17
15813;208;2;1303.91
15814;4;8;2531.84
15815;64;5;2100.6
15816;543;3;93.3
15817;421;3;2766.4
15818;589;1;340.5
15819;50;11;3911.28
15820;320;1;206.98
15821;45;2;570.96
15822;4;8;1777.91
15823;338;6;3033.86
15824;454;2;890.94
15825;173;1;532.94
15826;52;6;2583.13
15827;74;42;3430.96
15828;376;1;1108.82
15829;100;2;636.14
15830;30;2;547.7
15831;59;4;747.76
15832;255;1;836.79
15833;738;1;80.4
15834;71;9;3600.29
15835;45;4;954.09
15836;46;2;117.47
15837;65;2;777.01
15838;12;38;73404.11
15839;26;5;1020.74
15840;59;3;345.66
15841;65;12;2716.5
15842;389;3;528.75
15843;304;1;118.95
15844;47;1;130.74
15845;18;14;4273.65
15846;386;1;107.01
15847;39;5;822.57
15848;622;1;139.94
15849;597;1;-5876.34
15850;20;6;1058.72
15851;527;1;109.73
15852;187;3;257.26
15853;52;1;110.8
15854;5;21;5583.81
15855;137;6;1052.72
15856;5;58;33817.44
15857;19;2;570.48
15858;16;15;3917.87
15859;433;1;438.46
15860;41;17;2505.21
15861;13;15;4217.99
15862;9;13;2928.29
15863;26;5;358.7
15864;23;9;2014.22
15865;41;5;2248.92
15866;102;1;230.53
15867;6;35;8974.85
15868;584;1;94.53
15869;278;3;323.66
15870;33;4;862.61
15871;438;1;33.1
15872;15;4;795.68
15873;493;5;138.24
15874;64;25;11135.0
15875;647;1;111.72
15876;410;2;1449.14
15877;2;3;440.78
15878;562;2;330.77
15879;405;4;1157.3
15880;370;2;626.56
15881;313;8;438.24
15882;199;10;1448.91
15883;3;2;396.48
15884;433;3;243.75
15885;93;20;1737.57
15886;61;4;1052.87
15887;407;3;1027.15
15888;80;4;402.12
15889;157;9;1795.83
15890;395;5;535.65
15891;227;1;524.52
15892;670;1;128.2
15893;482;1;305.28
15894;254;2;420.29
15895;150;1;179.17
15896;625;1;-1899.67
15897;195;2;222.05
15898;2;29;5534.36
15899;369;1;112.5
15900;24;5;890.5
15901;17;9;684.23
15902;381;1;145.01
15903;10;15;8859.82
15904;9;1;164.68
15905;544;1;114.69
15906;20;12;2467.89
15907;4;3;967.45
15908;491;2;764.57
15909;174;1;191.94
15910;1;15;2681.8
15911;449;10;1401.55
15912;179;9;1074.7
15913;535;1;6.3
15914;379;2;205.99
15915;402;1;429.21
15916;17;17;3277.67
15917;248;5;560.63
15918;191;3;582.88
15919;20;2;910.61
15920;155;9;571.64
15921;173;4;802.11
15922;373;2;727.2
15923;373;1;254.16
15924;732;1;102.82
15925;195;1;207.15
15926;543;1;134.44
15927;648;1;123.39
15928;657;1;293.53
15929;645;1;594.0
15930;68;1;426.63
15931;429;1;239.9
15932;5;11;2461.85
15933;22;3;1107.46
15934;418;2;2190.66
15935;240;3;108.04
15936;380;2;282.79
15937;65;1;145.35
15938;113;9;734.81
15939;90;17;9047.64
15940;312;3;0.0
15941;514;2;230.6
15942;134;1;337.44
15943;650;2;271.29
15944;277;4;2164.24
15945;366;4;827.27
15946;503;3;2304.18
15947;83;1;1708.24
15948;9;3;1509.09
15949;17;2;364.72
15950;2;13;6938.51
15951;2;4;974.52
15952;34;4;806.57
15953;16;21;3524.7
15954;590;1;190.75
15955;25;25;8622.61
15956;552;2;617.6
15957;32;3;930.1
15958;75;4;492.99
15959;683;3;579.49
15960;375;5;394.0
15961;380;1;451.29
15962;450;1;295.83
15963;20;2;470.76
15964;664;1;272.96
15965;18;14;2999.34
15966;445;2;399.58
15967;24;13;3019.2
15968;389;1;418.05
15969;3;6;1043.85
15970;304;2;1017.32
15971;18;20;4930.43
15972;457;5;1810.27
15973;236;5;780.39
15974;40;8;3429.55
15975;85;1;371.01
15976;166;6;1746.64
15977;18;2;1054.73
15978;78;5;3272.62
15979;603;1;329.22
15980;89;9;6546.28
15981;25;27;9268.07
15982;606;1;324.51
15983;23;8;3958.82
15984;3;32;8671.12
15985;124;8;2610.28
15986;31;2;354.42
15987;13;8;1682.13
15988;20;3;770.09
15989;376;2;372.51
15990;45;7;2010.05
15991;535;1;150.55
15992;4;3;896.6
15993;9;10;2756.82
15994;55;5;1198.84
15995;415;1;696.19
15996;89;8;1671.0
15997;618;1;-23.4
15998;37;21;8220.39
15999;736;1;20.4
16000;3;3;12393.7
16001;382;2;519.06
16002;626;1;169.21
16003;30;10;5613.83
16004;475;5;2146.39
16005;13;11;2403.77
16006;212;2;347.17
16007;48;7;3075.14
16008;24;15;5384.13
16009;23;4;992.71
16010;246;12;1722.11
16011;9;30;5867.01
16012;36;5;2989.79
16013;4;94;52788.92
16014;36;6;1121.02
16015;4;4;690.54
16016;4;14;2495.04
16017;48;5;1553.83
16018;40;4;698.13
16019;2;35;16640.15
16020;17;3;851.01
16021;396;2;532.25
16022;261;1;628.28
16023;47;3;719.81
16024;13;3;484.2
16025;30;1;439.66
16026;44;1;236.09
16027;92;18;1799.84
16028;596;1;82.2
16029;39;125;91800.91
16030;310;1;331.24
16031;93;2;548.94
16032;457;6;1970.45
16033;6;36;10692.39
16034;197;7;925.77
16035;561;1;217.73
16036;88;4;2556.84
16037;270;7;1489.44
16038;8;4;454.33
16039;424;3;449.65
16040;66;8;2383.7
16041;31;3;3166.4
16042;23;11;2153.0
16043;38;8;1856.59
16044;436;1;340.84
16045;120;9;3187.03
16046;563;1;235.78
16047;683;1;107.14
16048;86;6;1056.53
16049;41;6;1899.68
16050;174;3;300.7
16051;682;1;188.44
16052;55;1;362.06
16053;33;8;3606.14
16054;146;7;2090.68
16055;221;1;134.8
16056;46;1;664.85
16057;5;17;3202.07
16058;407;1;62.7
16059;66;12;3217.77
16060;401;3;541.95
16061;270;3;44.95
16062;10;8;2863.45
16063;261;1;335.32
16064;726;1;111.0
16065;366;10;2365.62
16066;17;5;1521.87
16067;563;6;3026.19
16068;594;1;122.93
16069;418;1;457.7
16070;23;2;852.15
16071;45;4;1076.8
16072;289;4;4328.89
16073;292;2;94.35
16074;391;1;265.25
16075;503;3;726.98
16076;4;11;2173.53
16077;575;2;600.0
16078;284;2;362.99
16079;17;3;1352.0
16080;82;6;472.9
16081;57;8;4460.18
16082;671;1;106.75
16083;101;4;2351.42
16084;300;1;436.18
16085;24;13;2337.73
16086;60;11;2862.91
16087;390;5;1739.92
16088;576;2;1437.43
16089;387;2;271.44
16090;625;1;205.91
16091;155;2;315.06
16092;99;10;1515.49
16093;107;1;17.0
16094;12;19;3599.16
16095;457;1;447.05
16096;265;4;1584.97
16097;241;1;185.05
16098;88;14;4448.1
16099;51;8;1568.25
16100;463;1;582.64
16101;10;7;3167.42
16102;43;3;1842.14
16103;8;27;6002.76
16104;62;11;2515.36
16105;249;5;2386.19
16106;66;1;108.38
16107;18;7;3204.16
16108;85;8;2171.93
16109;219;4;923.58
16110;46;4;1819.27
16111;429;1;562.48
16112;144;4;195.74
16113;184;1;161.38
16114;171;1;135.75
16115;10;12;2575.14
16116;206;2;592.88
16117;190;4;650.05
16118;394;5;4255.43
16119;9;8;1720.81
16120;60;7;3041.91
16121;58;6;1457.19
16122;74;6;1001.34
16123;52;1;307.78
16124;317;6;1709.39
16125;368;14;4587.65
16126;30;15;14646.8
16127;40;2;801.31
16128;18;14;3748.4
16129;408;3;1396.05
16130;423;4;987.48
16131;52;15;9866.27
16132;545;2;664.2
16133;4;78;22228.88
16134;22;7;2119.99
16135;263;2;819.45
16136;60;5;921.08
16137;681;1;422.7
16138;369;4;894.45
16139;19;5;1111.15
16140;53;5;1536.19
16141;89;2;955.94
16142;250;1;535.34
16143;4;16;4866.88
16144;247;1;175.2
16145;9;29;6693.6
16146;158;4;946.38
16147;134;7;2367.02
16148;297;4;370.37
16149;5;3;422.22
16150;39;20;4154.69
16151;599;1;-4217.59
16152;269;1;1829.04
16153;50;13;5037.51
16154;683;1;-10.5
16155;382;6;781.05
16156;9;26;5933.59
16157;16;4;644.24
16158;523;10;611.32
16159;282;5;1230.29
16160;65;4;1009.45
16161;2;57;12448.96
16162;253;1;37.4
16163;226;14;2263.63
16164;18;4;802.53
16165;506;1;79.9
16166;429;4;327.48
16167;415;6;1149.87
16168;11;73;10539.08
16169;9;4;1822.97
16170;51;25;6813.67
16171;60;1;73.2
16172;96;8;1884.55
16173;16;7;1406.57
16174;127;7;2246.75
16175;95;7;1836.44
16176;422;7;1964.04
16177;51;12;2141.61
16178;139;2;612.6
16179;61;1;215.83
16180;101;16;16170.27
16181;74;1;305.54
16182;73;9;9971.65
16183;68;4;1077.81
16184;65;7;1155.54
16185;17;3;644.72
16186;23;30;8983.91
16187;32;17;6841.24
16188;45;6;1077.71
16189;16;2;215.48
16190;41;8;2723.55
16191;3;40;15162.12
16192;736;1;351.3
16193;237;2;630.43
16194;376;1;308.6
16195;724;1;323.25
16196;489;1;93.3
16197;470;9;2016.71
16198;76;2;1030.04
16199;393;7;942.75
16200;5;13;5629.95
16201;4;6;2070.17
16202;361;11;2467.04
16203;59;7;1110.79
16204;24;4;939.24
16205;31;7;1830.61
16206;55;14;2597.37
16207;26;1;394.38
16208;45;10;3440.45
16209;89;9;4146.78
16210;2;37;38304.06
16211;82;4;1086.34
16212;20;5;1284.56
16213;79;1;159.0
16214;171;4;2038.25
16215;81;1;242.35
16216;268;1;914.93
16217;236;4;259.39
16218;30;19;4343.6
16219;501;1;40.8
16220;729;1;-10.17
16221;37;10;2229.01
16222;319;2;1345.22
16223;375;2;1102.35
16224;58;5;1616.54
16225;45;18;2821.91
16226;204;5;672.17
16227;220;6;948.82
16228;375;4;886.16
16229;88;7;2835.36
16230;190;2;542.03
16231;380;4;1078.22
16232;33;10;2692.02
16233;72;12;1818.71
16234;474;4;312.78
16235;41;11;1990.61
16236;79;1;432.2
16237;438;1;136.65
16238;423;1;63.66
16239;57;7;1450.9
16240;9;5;3693.81
16241;10;16;4329.31
16242;9;18;7433.3
16243;34;2;409.1
16244;212;2;2579.38
16245;24;5;1352.36
16246;460;2;827.25
16247;171;1;114.56
16248;62;1;152.94
16249;53;5;1800.07
16250;262;3;791.38
16251;513;1;128.31
16252;367;2;-295.09
16253;32;9;7276.91
16254;379;3;985.14
16255;17;19;4834.39
16256;258;4;1609.57
16257;177;1;46.95
16258;46;16;11833.52
16259;411;3;361.94
16260;51;1;1035.45
16261;18;6;1059.45
16262;361;3;677.78
16263;424;1;351.01
16264;439;2;837.53
16265;10;15;6893.62
16266;74;14;1757.95
16267;592;1;186.66
16268;72;2;667.65
16269;429;2;714.59
16270;354;1;1141.24
16271;3;11;3457.07
16272;117;1;411.7
16273;649;2;336.04
16274;374;1;715.9
16275;197;3;2151.11
16276;177;3;2629.39
16277;734;1;188.69
16278;24;7;1056.59
16279;22;10;5692.18
16280;726;1;238.05
16281;73;4;3416.52
16282;340;3;1307.58
16283;6;12;4311.37
16284;32;3;1029.77
16285;647;1;176.9
16286;478;4;263.65
16287;170;5;1006.98
16288;471;1;129.85
16289;463;2;98.81
16290;465;4;2069.3
16291;683;1;117.72
16292;118;9;1171.46
16293;9;19;4632.2
16294;477;1;126.05
16295;10;4;1328.55
16296;627;6;1245.97
16297;213;4;275.4
16298;23;9;1080.0
16299;473;2;178.65
16300;431;3;1392.43
16301;737;1;107.33
16302;108;2;212.82
16303;26;9;7823.72
16304;695;1;381.66
16305;139;1;361.22
16306;214;10;1162.82
16307;430;3;1194.92
16308;38;7;5120.0
16309;92;3;686.67
16310;415;2;460.08
16311;18;2;616.26
16312;433;1;171.15
16313;4;2;274.15
16314;390;3;1491.4
16315;331;2;402.71
16316;65;19;5533.31
16317;120;6;2179.76
16318;36;1;328.15
16319;218;1;404.4
16320;173;8;4428.85
16321;73;10;265.5
16322;2;2;326.75
16323;197;2;353.66
16324;129;3;428.68
16325;45;17;3463.84
16326;6;26;4706.99
16327;15;20;10705.52
16328;564;1;310.83
16329;428;4;1703.07
16330;18;8;624.63
16331;433;6;2037.7
16332;29;13;1989.97
16333;8;22;26626.8
16334;493;1;277.48
16335;552;8;2747.0
16336;421;4;3517.69
16337;37;1;151.05
16338;158;1;214.8
16339;285;1;109.95
16340;108;3;1526.06
16341;25;10;3832.29
16342;76;4;322.41
16343;17;3;687.07
16344;159;4;842.42
16345;45;2;1198.74
16346;386;1;224.51
16347;12;13;3482.01
16348;33;8;1798.22
16349;291;1;53.5
16350;22;12;2206.49
16351;333;18;3279.13
16352;18;2;494.44
16353;4;41;9985.93
16354;64;5;1129.51
16355;375;2;349.2
16356;198;7;414.42
16357;34;4;868.37
16358;2;6;2917.1
16359;8;20;2379.4
16360;5;8;3411.69
16361;10;4;896.66
16362;33;11;841.74
16363;54;1;109.36
16364;12;2;707.04
16365;18;16;3296.8
16366;19;4;1548.13
16367;38;3;1362.4
16368;3;3;640.21
16369;19;7;2664.81
16370;83;4;1320.56
16371;449;1;157.2
16372;34;6;1298.61
16373;383;2;309.49
16374;67;5;1771.45
16375;471;2;104.0
16376;9;3;977.52
16377;268;2;1308.48
16378;248;3;362.95
16379;5;5;2131.9
16380;62;1;1780.59
16381;396;2;258.7
16382;409;2;353.1
16383;75;9;2910.84
16384;90;4;1358.95
16385;61;5;1030.61
16386;29;3;1102.59
16387;323;5;918.55
16388;654;1;186.05
16389;54;5;1362.27
16390;537;3;467.5
16391;401;4;1103.61
16392;270;3;763.05
16393;3;30;5456.5
16394;51;9;1412.06
16395;61;17;3458.95
16396;474;3;102.7
16397;629;1;127.88
16398;145;4;1631.15
16399;20;3;641.82
16400;95;9;3159.44
16401;2;39;6628.99
16402;265;2;511.4
16403;303;2;161.05
16404;71;2;430.3
16405;303;2;167.25
16406;19;4;533.98
16407;13;14;2821.65
16408;592;1;231.93
16409;37;12;5709.04
16410;735;1;130.32
16411;20;4;910.19
16412;54;5;647.23
16413;57;2;528.98
16414;22;5;559.71
16415;45;3;719.44
16416;27;10;2948.47
16417;493;1;35.7
16418;45;5;1101.94
16419;113;9;1474.67
16420;397;1;75.0
16421;377;3;526.27
16422;18;146;61110.54
16423;25;1;346.12
16424;192;3;392.06
16425;303;1;302.7
16426;3;10;1908.25
16427;264;2;241.06
16428;82;4;657.33
16429;107;1;284.55
16430;58;7;1117.94
16431;214;3;642.81
16432;65;1;287.4
16433;29;2;384.52
16434;30;13;2727.04
16435;513;3;1011.57
16436;669;4;242.04
16437;382;2;301.25
16438;6;5;798.35
16439;723;1;310.7
16440;8;6;3856.97
16441;68;6;1023.48
16442;2;5;899.47
16443;521;1;162.24
16444;47;20;3582.38
16445;34;4;602.73
16446;1;4;-6.1
16447;136;3;775.14
16448;199;2;367.87
16449;191;3;674.69
16450;150;4;1475.73
16451;88;4;1009.4
16452;631;2;332.17
16453;531;2;251.71
16454;45;8;1.9
16455;64;13;4306.72
16456;100;14;6185.41
16457;219;1;208.36
16458;3;30;5715.34
16459;730;1;71.79
16460;29;3;814.72
16461;178;3;1615.22
16462;65;4;102.0
16463;22;7;1383.7
16464;20;3;1314.68
16465;414;3;726.34
16466;34;16;3713.59
16467;509;8;2862.4
16468;75;3;787.52
16469;24;5;828.91
16470;52;12;2453.65
16471;275;6;1186.18
16472;435;2;789.6
16473;165;5;469.58
16474;8;11;1811.47
16475;89;4;544.3
16476;418;3;337.0
16477;64;11;4320.02
16478;26;3;331.0
16479;11;2;300.83
16480;76;1;769.29
16481;660;3;428.23
16482;16;1;220.62
16483;193;1;139.35
16484;174;3;379.4
16485;78;7;2137.68
16486;538;1;134.36
16487;578;2;209.4
16488;34;4;492.2
16489;381;2;303.7
16490;431;2;179.16
16491;47;3;1524.31
16492;541;1;385.56
16493;73;9;2110.12
16494;297;1;826.53
16495;4;3;684.41
16496;9;7;2293.47
16497;50;23;6695.28
16498;162;3;86.12
16499;361;13;2491.74
16500;5;10;835.96
16501;384;1;1237.23
16502;621;2;266.5
16503;107;13;3597.89
16504;26;1;484.38
16505;32;1;777.6
16506;20;2;90.3
16507;573;1;152.76
16508;631;1;248.8
16509;297;1;363.7
16510;373;6;2100.0
16511;22;6;1819.02
16512;729;1;-33.9
16513;5;4;874.59
16514;631;1;-134.86
16515;53;10;3216.3
16516;31;1;101.7
16517;278;1;162.7
16518;62;6;938.27
16519;26;4;556.26
16520;187;8;2465.92
16521;416;3;1148.01
16522;436;2;433.36
16523;2;39;11760.54
16524;447;2;308.14
16525;3;54;23350.74
16526;172;2;717.21
16527;82;2;1272.44
16528;4;1;244.41
16529;191;4;2012.0
16530;669;1;48.35
16531;23;12;2263.58
16532;18;5;8756.64
16533;20;5;1026.94
16534;643;1;635.9
16535;6;3;1001.59
16536;108;2;539.02
16537;642;1;23.35
16538;542;3;399.62
16539;3;10;3732.01
16540;415;1;226.7
16541;736;2;419.78
16542;54;2;257.32
16543;584;2;277.81
16544;520;6;110.3
16545;165;2;689.82
16546;291;7;3837.36
16547;547;1;111.71
16548;600;1;30.15
16549;11;37;13159.64
16550;109;29;9169.32
16551;96;7;2237.12
16552;243;2;475.02
16553;164;36;16555.87
16554;4;18;2407.17
16555;36;10;285.89
16556;67;24;7610.23
16557;25;2;281.85
16558;1;47;13718.96
16559;398;1;185.2
16560;22;10;3010.73
16561;6;2;511.12
16562;477;1;223.86
16563;54;7;4412.56
16564;570;1;87.8
16565;365;5;700.45
16566;16;6;614.01
16567;195;2;865.6
16568;428;2;1020.9
16569;4;5;1455.23
16570;9;31;6841.82
16571;4;17;4025.05
16572;128;4;999.7
16573;74;4;648.41
16574;72;3;1301.78
16575;683;1;-10.49
16576;410;5;513.17
16577;667;1;380.0
16578;627;1;156.6
16579;366;2;233.85
16580;729;1;-5.0
16581;156;2;70.44
16582;114;1;313.62
16583;374;2;531.4
16584;81;7;3085.47
16585;594;2;341.59
16586;249;3;1462.78
16587;233;1;225.15
16588;387;4;1361.28
16589;72;4;612.36
16590;382;3;563.6
16591;69;1;213.5
16592;5;34;7624.46
16593;51;9;1051.24
16594;76;1;181.09
16595;62;5;1810.18
16596;16;4;579.63
16597;5;1;90.04
16598;278;2;140.7
16599;386;1;172.8
16600;5;16;2093.56
16601;41;3;684.25
16602;32;5;711.63
16603;75;2;482.47
16604;549;3;326.25
16605;725;1;60.48
16606;405;2;357.66
16607;18;29;5375.18
16608;454;2;1288.72
16609;16;9;5450.96
16610;220;1;75.66
16611;187;7;1776.63
16612;33;10;3243.48
16613;71;1;618.59
16614;183;3;1179.79
16615;569;2;264.5
16616;16;2;500.42
16617;236;1;151.85
16618;32;6;2630.64
16619;254;5;1916.53
16620;4;6;1758.93
16621;52;4;813.48
16622;543;2;205.6
16623;246;5;1002.49
16624;81;2;810.57
16625;275;6;1651.08
16626;1;20;4379.65
16627;80;1;322.8
16628;30;8;2313.09
16629;74;2;417.73
16630;408;2;104.3
16631;482;8;1867.02
16632;486;2;406.4
16633;18;7;2878.15
16634;223;10;1363.1
16635;407;1;473.0
16636;439;4;3802.04
16637;33;5;1124.59
16638;23;16;2426.28
16639;26;5;1659.85
16640;398;1;179.4
16641;106;2;554.5
16642;5;5;1051.46
16643;246;3;915.56
16644;178;2;833.78
16645;736;1;160.39
16646;445;2;675.05
16647;170;4;541.9
16648;39;4;653.0
16649;521;1;306.58
16650;72;7;1916.11
16651;587;1;136.2
16652;54;24;17312.83
16653;17;3;1166.92
16654;142;9;1705.17
16655;18;14;6513.27
16656;23;44;16307.72
16657;10;4;933.62
16658;369;9;696.72
16659;190;1;39.12
16660;17;8;1422.35
16661;541;5;842.18
16662;395;1;163.8
16663;730;1;165.0
16664;570;1;109.2
16665;363;1;135.4
16666;20;2;225.94
16667;69;2;570.13
16668;16;13;862.42
16669;24;5;226.14
16670;17;33;7786.66
16671;29;3;1692.27
16672;3;23;8093.59
16673;680;1;188.83
16674;55;2;319.61
16675;442;2;608.86
16676;34;7;2328.5
16677;394;3;849.77
16678;3;17;3013.83
16679;367;3;793.06
16680;44;3;821.45
16681;73;7;1921.84
16682;5;5;1028.0
16683;530;2;309.35
16684;5;65;141502.25
16685;62;2;324.24
16686;48;18;5051.57
16687;391;1;157.63
16688;2;4;1260.86
16689;76;3;303.26
16690;44;5;336.08
16691;419;2;178.83
16692;257;4;1914.7
16693;69;5;1199.46
16694;724;1;98.3
16695;562;2;193.15
16696;136;4;657.9
16697;242;1;112.75
16698;227;2;1998.0
16699;381;8;964.9
16700;9;31;9084.06
16701;9;34;9614.59
16702;416;5;1100.88
16703;732;1;-15.0
16704;619;2;695.66
16705;1;61;42653.14
16706;38;3;531.35
16707;401;4;551.11
16708;46;1;656.63
16709;85;14;9087.46
16710;20;23;6336.34
16711;4;10;2751.48
16712;10;13;4266.99
16713;19;41;14380.54
16714;219;7;1254.71
16715;79;2;625.52
16716;267;4;1568.28
16717;10;20;6309.96
16718;370;5;3647.53
16719;15;17;3828.55
16720;27;4;593.43
16721;263;1;292.47
16722;18;26;8967.83
16723;92;4;1301.63
16724;405;1;147.35
16725;303;16;1870.71
16726;27;7;2088.41
16727;365;4;1437.42
16728;47;4;1054.67
16729;37;26;7076.28
16730;53;4;702.79
16731;649;1;174.05
16732;32;9;3966.79
16733;530;1;259.68
16734;53;3;650.51
16735;79;22;5632.01
16736;506;8;2904.51
16737;54;2;835.2
16738;298;1;3.75
16739;173;4;772.23
16740;396;1;236.81
16741;626;1;173.06
16742;47;15;2387.71
16743;30;15;4207.01
16744;12;7;1304.76
16745;87;18;7170.7
16746;5;46;18031.85
16747;26;4;826.96
16748;18;15;3632.29
16749;592;2;4387.08
16750;45;5;623.93
16751;31;1;1764.72
16752;373;1;415.0
16753;59;1;223.92
16754;373;35;56560.58
16755;115;10;2882.03
16756;215;9;1287.42
16757;319;2;270.48
16758;66;1;369.34
16759;8;4;772.84
16760;431;1;228.0
16761;97;1;316.62
16762;20;3;1501.38
16763;186;3;947.75
16764;4;18;2758.25
16765;295;2;454.75
16766;274;2;1145.6
16767;31;16;7971.8
16768;48;14;1647.07
16769;261;4;1141.75
16770;58;11;1900.03
16771;34;10;3967.6
16772;418;5;2785.6
16773;58;3;421.24
16774;68;9;1587.85
16775;11;17;2975.29
16776;61;2;619.85
16777;81;6;1277.01
16778;75;2;245.94
16779;3;62;32981.61
16780;101;3;605.55
16781;366;3;901.05
16782;11;50;10348.96
16783;437;1;391.95
16784;20;5;896.53
16785;410;1;533.78
16786;394;1;51.84
16787;398;4;1035.43
16788;124;5;1950.3
16789;9;1;80.8
16790;4;8;1520.12
16791;30;18;3946.12
16792;283;5;623.46
16793;58;1;243.84
16794;2;17;2069.71
16795;366;5;2465.19
16796;90;1;305.62
16797;394;9;1786.77
16798;555;4;837.56
16799;433;3;491.03
16800;12;1;1201.49
16801;164;5;867.83
16802;680;2;582.61
16803;66;1;332.3
16804;24;3;536.99
16805;174;5;1097.24
16806;104;4;801.49
16807;143;8;2064.88
16808;100;2;288.42
16809;24;10;1725.48
16810;193;4;786.14
16811;5;2;547.07
16812;361;5;2216.8
16813;9;10;1692.98
16814;15;37;12491.21
16815;454;2;410.97
16816;104;4;417.06
16817;3;18;2594.55
16818;11;13;3317.97
16819;466;2;182.59
16820;96;1;497.61
16821;382;1;113.35
16822;664;3;144.84
16823;228;8;2253.14
16824;16;3;686.24
16825;39;5;1826.89
16826;52;1;341.7
16827;394;5;392.13
16828;94;2;128.5
16829;157;2;513.32
16830;39;5;1183.7
16831;565;1;91.8
16832;185;5;417.61
16833;2;6;2409.04
16834;228;2;898.96
16835;129;10;1471.51
16836;40;4;782.37
16837;32;12;3167.73
16838;198;6;1126.66
16839;9;51;20968.27
16840;604;3;126.71
16841;37;14;3841.16
16842;65;4;1260.44
16843;43;38;19528.78
16844;563;2;614.34
16845;619;1;253.88
16846;51;3;842.41
16847;44;2;614.89
16848;53;4;1411.62
16849;187;1;124.57
16850;334;1;332.41
16851;5;3;342.45
16852;11;2;144.91
16853;732;1;-67.5
16854;418;2;1408.96
16855;24;2;328.4
16856;15;3;358.49
16857;443;1;352.8
16858;367;16;4431.63
16859;107;10;1657.74
16860;453;4;1593.67
16861;60;6;902.37
16862;548;4;662.33
16863;30;5;977.07
16864;435;2;409.25
16865;402;1;130.95
16866;141;3;207.74
16867;690;1;76.74
16868;395;3;393.39
16869;23;5;805.62
16870;470;1;450.16
16871;23;7;2761.49
16872;78;6;1213.13
16873;5;17;14547.03
16874;380;1;217.74
16875;65;20;4053.2
16876;404;1;136.01
16877;13;6;853.72
16878;25;2;0.0
16879;421;2;-140.96
16880;31;8;1840.86
16881;67;1;432.0
16882;67;3;705.12
16883;188;20;2386.64
16884;38;4;1073.92
16885;16;4;710.74
16886;445;2;0.0
16887;36;3;660.72
16888;401;3;437.15
16889;195;6;2530.9
16890;477;3;285.41
16891;2;11;2056.82
16892;2;9;733.4
16893;367;2;401.77
16894;503;5;1282.36
16895;65;5;1121.42
16896;556;1;103.95
16897;300;3;213.03
16898;27;6;887.67
16899;8;8;1721.02
16900;12;5;187.69
16901;730;1;204.26
16902;117;1;1706.88
16903;30;4;1029.98
16904;5;21;5132.37
16905;6;20;5004.5
16906;82;7;1448.8
16907;30;9;1707.9
16908;723;2;153.59
16909;65;2;364.14
16910;5;8;1510.06
16911;628;3;251.35
16912;24;18;4433.6
16913;291;3;423.91
16914;37;1;208.46
16915;10;11;1543.18
16916;24;4;1123.4
16917;277;3;1848.88
16918;50;19;3138.06
16919;157;28;5053.81
16920;412;1;355.45
16921;62;3;446.67
16922;573;1;611.08
16923;13;41;12793.38
16924;22;4;739.5
16925;541;1;125.65
16926;372;6;1410.4
16927;116;3;543.05
16928;81;33;3993.58
16929;4;7;1295.39
16930;27;3;380.55
16931;6;23;5233.62
16932;54;3;440.71
16933;2;16;3099.6
16934;55;7;2090.74
16935;382;3;535.1
16936;26;2;551.17
16937;500;1;202.1
16938;9;10;6209.93
16939;489;3;449.0
16940;53;11;6245.41
16941;612;1;33.0
16942;13;10;1894.11
16943;212;7;816.73
16944;610;1;101.36
16945;22;35;8530.66
16946;384;6;1199.54
16947;236;10;896.73
16948;139;7;868.77
16949;4;7;1161.27
16950;57;12;3725.19
16951;124;4;1262.75
16952;110;5;798.78
16953;31;1;20.8
16954;1;21;6037.33
16955;185;9;1261.16
16956;10;2;292.34
16957;240;2;416.64
16958;436;1;809.44
16959;88;1;117.35
16960;39;9;2021.98
16961;117;6;773.01
16962;410;1;251.04
16963;188;1;110.55
16964;734;2;207.85
16965;227;1;201.19
16966;9;10;2148.47
16967;190;1;319.02
16968;5;2;439.43
16969;40;3;650.41
16970;627;1;71.4
16971;3;2;232.21
16972;383;2;786.25
16973;387;1;127.0
16974;523;2;365.5
16975;414;5;902.42
16976;268;1;251.52
16977;396;4;496.0
16978;78;3;768.88
16979;4;12;2787.09
16980;256;3;1473.33
16981;541;1;-4620.86
16982;61;1;384.06
16983;13;12;3699.17
16984;79;19;10599.42
16985;18;26;10545.76
16986;30;11;4888.75
16987;4;12;2524.0
16988;6;2;382.67
16989;8;6;1133.25
16990;219;2;344.0
16991;422;1;1041.21
16992;11;15;5460.1
16993;464;3;1688.15
16994;627;1;-779.32
16995;373;1;-2.5
16996;31;13;2044.16
16997;289;3;702.0
16998;150;7;394.02
16999;24;2;484.82
17000;397;2;406.3
17001;1;19;6640.8
17002;74;8;2565.6
17003;403;4;830.16
17004;47;4;2425.16
17005;471;3;732.41
17006;5;8;1636.32
17007;51;8;1107.6
17008;430;1;81.36
17009;552;1;242.06
17010;17;2;185.46
17011;31;4;536.7
17012;726;1;384.16
17013;604;2;-3224.76
17014;9;4;565.58
17015;29;3;1842.56
17016;577;1;552.4
17017;3;41;8087.41
17018;41;6;2287.7
17019;12;13;3951.5
17020;543;2;935.62
17021;443;6;1182.22
17022;32;2;260.0
17023;418;3;800.18
17024;46;3;95.85
17025;61;5;1510.64
17026;186;3;208.98
17027;79;10;1285.41
17028;582;3;1593.83
17029;111;7;2137.3
17030;64;1;146.87
17031;12;6;2773.85
17032;442;13;2150.06
17033;87;4;1332.79
17034;17;7;1239.32
17035;246;5;568.39
17036;384;1;176.9
17037;79;2;1253.22
17038;31;2;743.17
17039;605;1;1954.99
17040;138;2;463.25
17041;27;7;1670.48
17042;3;5;1044.38
17043;33;8;2616.55
17044;9;16;11867.6
17045;114;5;827.68
17046;158;5;1906.07
17047;86;6;2289.23
17048;116;11;1991.45
17049;3;25;9593.78
17050;97;12;4391.66
17051;195;4;714.39
17052;29;1;413.75
17053;129;2;496.38
17054;29;6;1353.83
17055;446;1;239.55
17056;739;1;128.6
17057;597;1;294.74
17058;82;3;1179.89
17059;30;10;5584.83
17060;267;1;234.24
17061;74;12;5116.13
17062;314;7;1204.32
17063;9;23;3576.88
17064;59;3;859.35
17065;144;3;82.35
17066;727;1;228.34
17067;725;3;454.54
17068;13;49;9126.43
17069;29;21;5718.4
17070;115;2;445.32
17071;9;20;3738.45
17072;626;1;282.05
17073;18;4;1446.09
17074;563;1;203.05
17075;18;11;2221.38
17076;37;6;1242.75
17077;579;1;306.0
17078;37;2;378.2
17079;79;1;118.8
17080;23;8;955.41
17081;26;6;964.39
17082;34;6;4732.03
17083;110;11;4035.08
17084;36;4;5199.72
17085;124;32;7757.41
17086;8;6;2050.08
17087;738;1;221.53
17088;29;4;1991.01
17089;387;1;128.45
17090;5;15;3055.94
17091;3;23;7777.5
17092;51;14;5563.31
17093;593;1;235.88
17094;319;3;370.4
17095;23;12;2312.59
17096;10;17;3690.83
17097;3;10;1323.95
17098;382;3;591.07
17099;534;1;582.17
17100;19;2;971.74
17101;11;7;2507.05
17102;262;1;25.5
17103;723;1;424.3
17104;424;1;474.03
17105;160;2;665.78
17106;390;1;491.23
17107;33;13;15616.82
17108;664;1;174.95
17109;30;10;1280.1
17110;166;3;510.7
17111;48;2;476.58
17112;503;1;205.17
17113;506;8;2109.16
17114;6;10;747.22
17115;9;13;2616.29
17116;649;1;389.78
17117;289;1;116.2
17118;318;1;157.02
17119;4;3;593.61
17120;234;1;307.46
17121;403;1;314.74
17122;120;4;570.5
17123;162;3;977.17
17124;186;1;298.89
17125;51;1;259.35
17126;153;11;2057.54
17127;429;5;1155.03
17128;335;1;157.09
17129;521;1;31.85
17130;683;1;-18.38
17131;6;5;2463.17
17132;453;2;1272.8
17133;16;13;12972.09
17134;107;3;637.1
17135;17;11;1943.24
17136;663;1;231.68
17137;417;6;1133.63
17138;276;7;4417.27
17139;16;29;19491.61
17140;248;1;465.32
17141;419;4;754.33
17142;240;4;1283.75
17143;418;2;924.11
17144;2;2;984.57
17145;466;7;3014.64
17146;106;16;5795.99
17147;23;16;3069.15
17148;52;1;124.88
17149;452;1;143.1
17150;377;6;1375.65
17151;736;1;231.9
17152;195;5;1830.5
17153;25;1;213.78
17154;76;1;329.34
17155;18;7;892.46
17156;485;2;572.07
17157;8;20;5139.45
17158;33;6;1962.3
17159;22;6;2095.44
17160;32;18;10201.36
17161;445;1;856.01
17162;29;11;1707.21
17163;22;4;699.78
17164;33;8;2466.4
17165;285;8;1783.63
17166;39;3;189.49
17167;380;3;867.11
17168;499;1;400.2
17169;51;6;1129.88
17170;375;3;118.98
17171;290;2;384.59
17172;75;6;910.99
17173;6;9;3755.65
17174;218;1;59.9
17175;45;5;1430.94
17176;202;3;902.32
17177;506;1;119.5
17178;732;1;436.71
17179;179;6;1507.26
17180;57;14;2236.33
17181;58;3;465.37
17182;423;2;321.3
17183;8;8;3286.91
17184;570;2;198.41
17185;592;3;229.46
17186;47;2;144.0
17187;227;2;467.71
17188;12;17;4361.83
17189;107;5;957.63
17190;59;8;1548.04
17191;29;16;4810.55
17192;537;1;77.83
17193;36;12;2254.6
17194;274;3;812.5
17195;656;1;562.98
17196;428;1;352.9
17197;30;1;1013.01
17198;24;3;1213.88
17199;583;1;145.12
17200;388;4;356.71
17201;54;5;1226.44
17202;421;1;160.65
17203;36;10;5575.88
17204;170;15;5263.69
17205;54;3;999.35
17206;54;1;204.24
17207;653;1;303.22
17208;396;1;115.35
17209;650;3;611.6
17210;393;1;253.37
17211;27;15;4002.1
17212;254;3;794.41
17213;41;20;5078.93
17214;61;7;984.12
17215;465;1;186.15
17216;555;1;65.05
17217;235;2;218.0
17218;5;18;4192.68
17219;32;2;259.13
17220;25;21;4481.75
17221;8;5;978.52
17222;66;6;1605.01
17223;311;3;873.53
17224;502;1;100.86
17225;582;1;131.15
17226;309;3;900.12
17227;19;12;2022.03
17228;16;13;3177.24
17229;97;2;318.76
17230;265;23;9695.91
17231;13;35;7091.07
17232;3;2;421.52
17233;36;3;560.86
17234;183;1;149.89
17235;26;8;1904.88
17236;13;12;1929.26
17237;12;4;1002.08
17238;3;32;7783.1
17239;313;6;1174.15
17240;597;1;130.6
17241;386;12;2744.14
17242;109;5;2889.28
17243;2;80;20709.21
17244;54;5;1826.04
17245;205;2;371.63
17246;547;2;38.92
17247;16;1;282.19
17248;121;2;546.16
17249;429;1;68.03
17250;4;2;384.52
17251;363;4;803.73
17252;117;2;353.86
17253;19;1;178.26
17254;5;3;470.73
17255;41;4;799.13
17256;108;5;498.93
17257;437;2;192.73
17258;397;2;417.3
17259;149;6;1889.34
17260;412;1;120.95
17261;510;1;230.44
17262;53;11;2757.62
17263;209;1;63.44
17264;425;1;279.59
17265;139;2;562.9
17266;3;5;517.73
17267;128;2;317.62
17268;108;11;1733.89
17269;386;1;537.46
17270;470;2;604.4
17271;737;1;210.39
17272;43;5;2144.53
17273;425;1;141.12
17274;36;2;577.38
17275;384;1;114.52
17276;400;2;451.34
17277;228;2;1065.35
17278;242;2;271.24
17279;58;1;187.83
17280;439;1;118.86
17281;375;6;797.85
17282;131;5;2339.66
17283;379;1;188.46
17284;61;11;2328.22
17285;629;2;428.34
17286;22;3;395.48
17287;27;23;4095.71
17288;10;11;2499.98
17289;32;11;2069.89
17290;4;8;1501.44
17291;309;1;550.8
17292;473;2;271.75
17293;9;17;3774.23
17294;670;2;467.79
17295;29;3;556.95
17296;731;1;338.13
17297;18;1;131.78
17298;102;6;952.52
17299;12;6;1016.08
17300;391;2;393.64
17301;22;2;330.43
17302;15;6;1119.93
17303;362;1;250.04
17304;535;1;111.5
17305;649;1;2135.46
17306;11;23;9751.77
17307;366;15;3225.67
17308;394;2;4511.76
17309;96;3;330.59
17310;388;2;1025.1
17311;79;7;3490.66
17312;139;3;644.3
17313;18;2;2288.13
17314;25;22;4514.7
17315;1;49;9558.55
17316;421;1;124.45
17317;47;5;2524.02
17318;726;1;164.28
17319;670;1;29.1
17320;101;6;2895.77
17321;9;6;1741.18
17322;377;7;900.64
17323;16;14;1553.51
17324;18;13;2148.87
17325;281;3;609.57
17326;409;2;321.95
17327;410;2;152.35
17328;674;1;104.7
17329;15;5;1004.43
17330;23;4;423.8
17331;124;1;175.2
17332;529;5;838.27
17333;86;1;494.25
17334;302;4;634.73
17335;384;2;508.0
17336;473;1;81.12
17337;152;7;1944.32
17338;18;20;12036.57
17339;95;4;303.36
17340;10;30;21411.64
17341;157;5;1889.83
17342;375;7;1155.84
17343;356;6;1259.94
17344;47;3;454.61
17345;16;12;1484.38
17346;4;27;5258.02
17347;87;1;228.96
17348;15;9;2476.41
17349;180;5;852.25
17350;9;8;1876.16
17351;37;12;1988.23
17352;697;1;36.25
17353;130;7;3155.55
17354;51;4;3143.46
17355;387;1;285.11
17356;312;5;946.47
17357;25;2;388.14
17358;304;5;866.05
17359;12;2;284.46
17360;18;7;1201.43
17361;50;5;880.64
17362;240;8;1010.54
17363;396;3;940.86
17364;1;31;11684.55
17365;13;16;8205.83
17366;393;3;1094.59
17367;239;1;168.4
17368;24;16;2213.24
17369;456;1;979.2
17370;73;4;446.18
17371;18;6;662.55
17372;41;31;4325.43
17373;41;7;1167.5
17374;219;4;711.21
17375;191;5;632.95
17376;71;4;453.64
17377;24;91;17851.41
17378;375;2;0.0
17379;12;1;404.66
17380;435;4;643.75
17381;9;39;39999.19
17382;66;8;902.28
17383;5;2;309.99
17384;20;3;507.55
17385;15;1;261.11
17386;8;7;2812.77
17387;20;2;784.11
17388;78;11;2691.57
17389;1;77;54587.03
17390;421;1;149.3
17391;164;2;508.8
17392;307;3;626.56
17393;411;2;381.15
17394;220;1;203.87
17395;509;1;97.5
17396;40;16;8529.6
17397;23;3;1233.18
17398;115;3;653.38
17399;541;1;-25111.09
17400;127;8;4677.05
17401;542;1;114.85
17402;5;26;5047.08
17403;37;2;400.57
17404;5;28;46006.82
17405;2;5;967.22
17406;331;18;4592.1
17407;412;1;552.9
17408;164;4;164.89
17409;185;10;7793.51
17410;17;5;1214.72
17411;13;9;1286.53
17412;3;19;4384.98
17413;405;2;560.14
17414;44;6;2249.52
17415;80;1;507.84
17416;30;25;17221.47
17417;549;1;164.18
17418;43;3;670.06
17419;12;20;6474.92
17420;51;8;1074.53
17421;387;3;1059.41
17422;17;20;3341.65
17423;46;5;1084.17
17424;429;1;-176.96
17425;20;2;759.17
17426;5;17;7606.37
17427;72;1;100.8
17428;1;51;31238.06
17429;121;7;1342.16
17430;33;4;735.17
17431;314;1;403.3
17432;19;9;1751.39
17433;89;2;569.96
17434;3;9;2333.42
17435;412;1;331.35
17436;2;7;521.31
17437;530;1;373.17
17438;248;6;1412.62
17439;656;1;325.74
17440;148;6;314.26
17441;733;1;293.35
17442;30;23;4500.7
17443;220;1;534.24
17444;148;3;2940.04
17445;631;1;-506.51
17446;177;2;120.9
17447;41;2;541.53
17448;145;54;10192.73
17449;3;14;4935.15
17450;9;61;233579.39
17451;2;10;1648.95
17452;604;1;-227.28
17453;18;2;486.72
17454;193;11;1532.64
17455;204;1;131.7
17456;366;2;1225.42
17457;127;18;5799.01
17458;16;2;529.58
17459;44;2;657.3
17460;79;21;2007.4
17461;23;3;757.46
17462;52;3;662.94
17463;17;9;2537.91
17464;159;4;879.74
17465;426;9;2533.64
17466;11;2;763.28
17467;396;1;102.6
17468;11;3;194.8
17469;17;22;4958.34
17470;45;11;2804.87
17471;475;1;321.65
17472;192;4;935.1
17473;402;3;592.15
17474;600;1;1047.0
17475;80;1;194.37
17476;394;4;446.51
17477;613;5;1079.0
17478;409;2;1272.8
17479;633;1;389.26
17480;74;3;896.72
17481;4;5;1249.34
17482;488;2;778.19
17483;66;4;591.73
17484;577;2;209.57
17485;739;1;-29.55
17486;262;1;396.87
17487;729;1;160.55
17488;642;1;336.5
17489;59;2;376.64
17490;1;13;2585.06
17491;2;18;5964.12
17492;249;3;1122.42
17493;386;1;100.91
17494;502;1;54.7
17495;8;4;759.07
17496;359;5;1385.89
17497;391;2;287.25
17498;76;1;272.22
17499;290;3;1296.84
17500;18;3;1138.0
17501;221;2;288.6
17502;10;4;689.1
17503;3;2;558.96
17504;207;19;9313.37
17505;162;5;2435.48
17506;71;2;294.29
17507;262;2;605.58
17508;281;9;4546.78
17509;58;11;6100.74
17510;25;2;514.56
17511;3;85;171885.98
17512;29;20;5432.27
17513;73;3;1158.8
17514;129;2;542.83
17515;32;9;1617.46
17516;16;6;957.55
17517;309;1;153.94
17518;426;2;329.42
17519;18;17;5102.8
17520;54;1;546.81
17521;25;6;1276.81
17522;2;5;1070.71
17523;12;4;652.74
17524;362;4;508.9
17525;360;3;1161.9
17526;2;16;3676.84
17527;54;6;888.86
17528;2;11;3540.1
17529;611;2;1240.25
17530;2;13;3140.56
17531;121;9;1191.22
17532;386;1;65.34
17533;435;1;34.8
17534;54;5;1668.83
17535;281;1;164.4
17536;178;3;364.83
17537;30;2;897.62
17538;26;1;98.42
17539;618;7;1047.07
17540;9;7;1582.1
17541;510;1;124.46
17542;270;3;341.7
17543;550;1;120.05
17544;391;3;960.69
17545;44;6;1448.54
17546;547;1;-648.05
17547;373;4;680.55
17548;218;6;345.0
17549;24;2;148.86
17550;198;10;2206.54
17551;360;1;306.84
17552;43;16;3039.2
17553;130;4;3757.6
17554;2;5;1952.45
17555;20;5;1057.74
17556;206;2;300.67
17557;15;4;575.46
17558;394;1;259.17
17559;513;1;167.62
17560;95;8;1895.8
17561;20;4;722.34
17562;15;8;1107.38
17563;579;5;309.28
17564;25;3;454.01
17565;587;1;131.83
17566;9;2;901.21
17567;8;11;5037.11
17568;634;1;382.79
17569;333;1;344.14
17570;382;2;0.0
17571;51;5;1703.75
17572;72;10;723.01
17573;30;4;362.9
17574;243;1;185.65
17575;668;1;171.7
17576;9;45;8885.66
17577;646;2;348.75
17578;191;10;1003.73
17579;5;5;744.58
17580;253;5;545.27
17581;1;53;18247.47
17582;237;6;1433.7
17583;561;1;135.95
17584;8;7;5294.42
17585;110;7;2093.3
17586;620;1;167.4
17587;629;1;181.66
17588;101;9;2901.65
17589;61;21;13904.82
17590;3;3;1479.22
17591;74;9;2765.72
17592;739;2;0.0
17593;4;15;8044.0
17594;86;4;2497.88
17595;13;2;388.79
17596;24;14;4907.32
17597;214;7;3425.29
17598;382;1;409.98
17599;465;3;44.55
17600;18;1;161.67
17601;240;2;421.48
17602;3;18;7337.43
17603;51;11;120.01
17604;218;6;945.93
17605;591;1;160.75
17606;738;1;87.3
17607;377;1;333.81
17608;34;4;498.53
17609;41;14;1758.99
17610;541;8;1427.84
17611;4;35;8205.38
17612;54;32;5156.14
17613;23;17;4509.37
17614;58;1;390.07
17615;131;7;725.7
17616;174;4;1060.8
17617;559;2;237.28
17618;6;13;4047.94
17619;313;1;218.52
17620;60;1;81.44
17621;22;8;3029.32
17622;597;3;1125.17
17623;33;7;2383.67
17624;15;4;1568.63
17625;19;8;6067.8
17626;603;1;254.0
17627;479;2;285.11
17628;82;1;75.75
17629;6;11;2425.52
17630;170;2;503.6
17631;2;7;998.49
17632;718;2;-12.7
17633;32;9;1974.89
17634;37;9;2361.97
17635;425;4;1256.83
17636;9;2;265.93
17637;32;2;547.06
17638;648;2;842.4
17639;277;6;615.17
17640;87;8;3107.59
17641;739;1;-6.95
17642;120;5;1824.49
17643;374;2;541.25
17644;2;28;5864.54
17645;729;1;-9.9
17646;220;16;4094.16
17647;66;3;331.66
17648;61;6;2208.42
17649;135;5;1542.44
17650;22;1;166.08
17651;12;22;5632.59
17652;26;18;4737.13
17653;30;5;1175.88
17654;278;1;117.55
17655;11;10;3585.28
17656;74;5;1674.69
17657;431;1;126.0
17658;11;3;485.88
17659;4;17;3784.13
17660;142;2;359.47
17661;642;1;-54.0
17662;662;2;412.92
17663;26;23;5081.04
17664;19;4;1166.23
17665;494;1;563.1
17666;4;5;2047.8
17667;67;12;3883.8
17668;2;2;347.75
17669;43;10;6142.35
17670;228;1;205.7
17671;16;7;2114.71
17672;44;9;5707.08
17673;2;15;4216.33
17674;75;2;851.7
17675;2;90;37605.84
17676;5;13;2722.52
17677;2;91;35866.63
17678;264;3;579.81
17679;53;11;3166.56
17680;24;4;462.5
17681;598;6;529.6
17682;11;12;4441.78
17683;386;3;819.01
17684;44;1;239.41
17685;17;14;5928.17
17686;8;9;8296.81
17687;421;1;432.68
17688;375;2;286.5
17689;389;2;317.08
17690;31;21;7438.6
17691;359;5;769.85
17692;128;14;2962.4
17693;137;3;187.02
17694;142;3;1695.97
17695;132;6;1720.54
17696;39;48;7380.89
17697;237;1;338.95
17698;261;1;154.95
17699;477;2;442.0
17700;17;17;6630.87
17701;253;1;417.95
17702;31;9;2911.79
17703;36;4;1094.84
17704;169;2;885.19
17705;4;12;2041.5
17706;5;43;19543.9
17707;186;9;605.05
17708;188;4;887.93
17709;170;5;671.01
17710;424;1;293.5
17711;11;2;385.1
17712;45;1;522.91
17713;383;4;1198.09
17714;321;9;1376.58
17715;201;2;489.6
17716;23;27;15671.32
17717;422;1;376.92
17718;233;3;386.98
17719;38;18;5367.8
17720;27;12;2715.06
17721;660;1;307.21
17722;97;7;4386.96
17723;128;7;3378.4
17724;58;4;995.65
17725;17;14;3371.13
17726;396;8;1089.56
17727;10;2;1042.55
17728;4;8;3861.13
17729;597;1;438.65
17730;4;23;7757.35
17731;80;7;1347.08
17732;373;10;2448.14
17733;39;2;692.19
17734;54;6;1442.32
17735;3;29;17162.58
17736;10;4;337.49
17737;10;2;168.24
17738;20;15;4145.36
17739;12;20;7718.14
17740;390;6;426.9
17741;407;2;101.1
17742;114;11;2098.48
17743;443;2;208.85
17744;4;8;2617.82
17745;478;2;600.34
17746;235;7;873.43
17747;101;2;64.65
17748;528;1;358.15
17749;179;3;1026.18
17750;6;9;1797.57
17751;422;1;157.86
17752;360;1;80.64
17753;465;5;388.06
17754;1;16;4509.39
17755;425;1;-72.23
17756;376;3;733.7
17757;2;60;9342.84
17758;20;12;5012.53
17759;18;5;1276.91
17760;22;7;911.68
17761;33;1;712.78
17762;457;1;129.75
17763;264;5;51.15
17764;51;5;1623.64
17765;159;4;530.8
17766;382;2;299.61
17767;16;2;413.05
17768;9;8;3504.56
17769;13;21;6994.66
17770;199;5;1143.27
17771;57;4;387.41
17772;11;3;384.77
17773;515;2;585.27
17774;97;13;2945.7
17775;255;1;56.4
17776;387;3;331.81
17777;25;3;665.86
17778;662;1;197.7
17779;22;5;642.17
17780;668;3;352.91
17781;160;2;188.02
17782;383;2;679.02
17783;73;3;379.91
17784;551;1;112.86
17785;54;3;403.38
17786;86;2;278.74
17787;153;4;2601.47
17788;74;2;1117.9
17789;282;2;397.15
17790;27;20;2783.61
17791;30;1;106.1
17792;468;2;370.05
17793;26;1;323.04
17794;687;2;147.3
17795;180;2;350.39
17796;41;7;1361.99
17797;23;8;1985.87
17798;582;1;183.09
17799;23;23;6216.74
17800;38;9;1199.01
17801;452;4;795.78
17802;83;16;4915.84
17803;393;1;184.66
17804;377;4;380.13
17805;74;2;927.03
17806;12;1;546.04
17807;396;3;437.87
17808;549;4;262.64
17809;17;24;10498.85
17810;669;3;344.86
17811;5;60;9448.53
17812;13;7;1165.89
17813;15;7;1714.6
17814;376;2;1617.32
17815;394;1;591.96
17816;37;6;112.32
17817;5;7;801.15
17818;738;1;130.18
17819;72;13;6568.72
17820;192;3;159.51
17821;407;1;334.62
17822;421;5;2188.5
17823;422;2;494.25
17824;52;1;298.4
17825;599;4;731.96
17826;375;1;134.59
17827;6;7;2381.3
17828;9;9;1599.97
17829;299;6;4680.42
17830;2;3;398.7
17831;34;1;35.4
17832;50;1;155.37
17833;724;1;342.36
17834;415;2;730.47
17835;3;3;350.64
17836;48;1;110.21
17837;43;10;1560.53
17838;27;15;6239.55
17839;43;1;338.8
17840;444;1;185.72
17841;2;289;69516.19
17842;603;1;430.69
17843;304;2;326.23
17844;107;1;51.56
17845;556;4;598.19
17846;86;1;2033.1
17847;516;2;129.69
17848;82;31;3638.15
17849;219;8;1063.76
17850;303;159;55703.13
17851;423;6;1563.34
17852;12;5;663.21
17853;408;3;1608.19
17854;186;6;1071.45
17855;373;1;417.94
17856;2;6;1393.79
17857;4;26;28566.54
17858;6;32;12723.3
17859;305;1;148.21
17860;369;4;1015.54
17861;4;22;5064.59
17862;324;4;1279.09
17863;60;12;5745.2
17864;13;5;924.32
17865;31;62;25649.05
17866;143;4;1131.0
17867;31;20;895.78
17868;387;1;234.65
17869;108;7;1036.16
17870;3;14;3103.2
17871;205;5;1118.99
17872;382;1;235.87
17873;81;20;6229.56
17874;186;7;658.26
17875;689;1;167.1
17876;400;3;3424.02
17877;171;1;237.61
17878;44;3;1412.33
17879;174;1;178.52
17880;365;3;824.92
17881;305;1;133.35
17882;380;2;313.46
17883;4;8;979.95
17884;4;23;3028.89
17885;13;1;190.19
17886;32;7;1598.43
17887;130;1;111.35
17888;19;31;1318.9
17889;213;7;774.87
17890;323;2;602.09
17891;163;1;203.86
17892;57;3;244.1
17893;226;1;112.25
17894;72;20;2397.66
17895;45;1;98.0
17896;24;1;256.32
17897;173;10;2534.0
17898;86;4;299.18
17899;160;1;155.8
17900;165;4;15.0
17901;30;3;260.08
17902;547;1;216.4
17903;395;1;381.09
17904;22;2;178.92
17905;72;14;2374.22
17906;248;1;72.9
17907;641;1;291.76
17908;374;7;1357.89
17909;738;1;132.55
17910;727;1;261.7
17911;10;1;366.23
17912;311;7;360.1
17913;59;14;3479.64
17914;4;1;336.43
17915;552;1;242.13
17916;629;2;43.87
17917;46;3;341.28
17918;501;3;396.39
17919;89;2;1840.32
17920;5;56;24509.91
17921;65;12;2383.35
17922;544;1;170.4
17923;283;3;497.0
17924;2;14;3445.28
17925;373;1;488.16
17926;134;5;1035.49
17927;722;1;294.0
17928;46;3;341.24
17929;12;13;3073.6
17930;36;15;4242.92
17931;135;18;3305.96
17932;30;3;1331.57
17933;633;1;114.69
17934;52;3;1049.15
17935;139;8;655.54
17936;6;1;389.84
17937;9;7;4301.22
17938;421;1;144.29
17939;160;1;99.14
17940;50;22;26960.02
17941;131;4;1433.28
17942;8;1;77.5
17943;680;1;-165.03
17944;424;1;75.41
17945;697;3;360.35
17946;234;2;149.58
17947;38;1;176.68
17948;148;1;358.56
17949;2;138;98895.59
17950;73;8;1412.65
17951;40;5;1618.38
17952;379;4;819.61
17953;541;1;160.82
17954;6;26;3831.56
17955;199;6;949.9
17956;250;1;12.75
17957;67;1;111.68
17958;117;2;973.88
17959;593;1;140.75
17960;172;3;135.08
17961;22;102;2979.09
17962;143;5;673.02
17963;472;4;651.51
17964;32;2;733.46
17965;38;33;7117.78
17966;38;10;1974.42
17967;372;2;357.29
17968;374;4;888.04
17969;167;27;2251.19
17970;212;1;582.59
17971;549;1;161.94
17972;242;1;136.04
17973;52;1;337.04
17974;25;6;1858.06
17975;16;26;6927.68
17976;373;1;706.38
17977;30;3;1507.73
17978;366;4;1461.76
17979;36;5;737.81
17980;166;4;1033.42
17981;411;1;239.12
17982;681;1;138.18
17983;396;1;171.71
17984;146;5;1191.27
17985;23;1;634.95
17986;57;1;20.8
17987;186;6;928.12
17988;12;15;479.59
17989;380;1;228.83
17990;237;7;1522.57
17991;226;3;320.55
17992;390;1;254.13
17993;618;1;235.19
17994;122;14;2262.87
17995;282;3;495.48
17996;380;3;482.33
17997;75;12;1511.3
17998;381;4;601.74
17999;38;3;730.9
18000;565;1;124.25
18001;13;6;953.84
18002;376;4;249.92
18003;377;1;358.61
18004;363;1;169.47
18005;4;2;249.72
18006;24;4;997.86
18007;393;1;220.32
18008;71;23;19787.13
18009;236;14;2077.08
18010;257;1;174.8
18011;374;2;527.03
18012;724;1;115.3
18013;156;2;187.29
18014;29;1;166.42
18015;5;1;120.03
18016;33;7;1960.46
18017;82;4;688.0
18018;109;5;156.69
18019;52;1;38.45
18020;544;2;129.28
18021;510;2;227.06
18022;36;5;1651.79
18023;541;1;-3248.86
18024;153;3;236.78
18025;380;6;1177.72
18026;501;2;2074.07
18027;99;1;115.31
18028;584;1;192.05
18029;643;1;433.77
18030;5;3;220.7
18031;379;1;462.1
18032;335;1;73.5
18033;66;1;97.97
18034;22;3;793.7
18035;36;5;1276.74
18036;33;11;1563.64
18037;155;15;167.42
18038;557;1;149.41
18039;375;4;579.17
18040;20;2;357.2
18041;12;40;8669.65
18042;54;2;281.15
18043;25;3;875.97
18044;5;19;3502.66
18045;46;1;189.4
18046;650;1;189.63
18047;382;2;342.69
18048;204;3;401.73
18049;438;2;556.52
18050;360;2;412.06
18051;635;8;2275.98
18052;565;1;10877.18
18053;67;6;527.77
18054;393;1;176.5
18055;8;15;11163.52
18056;289;3;539.75
18057;394;3;1203.56
18058;10;3;774.06
18059;10;4;296.71
18060;409;2;1185.46
18061;22;29;6480.47
18062;174;9;1523.37
18063;391;2;186.6
18064;134;15;4441.18
18065;6;32;5836.88
18066;76;3;1440.4
18067;41;1;396.33
18068;290;1;101.7
18069;27;13;4525.71
18070;670;2;307.75
18071;258;6;1428.63
18072;156;2;0.0
18073;115;13;3864.44
18074;374;2;1509.04
18075;24;31;5579.91
18076;381;1;151.49
18077;9;18;4338.56
18078;218;4;844.6
18079;46;5;4242.75
18080;19;2;1231.5
18081;37;3;343.45
18082;26;1;703.37
18083;398;1;470.73
18084;17;5;193.73
18085;331;4;1645.75
18086;275;1;101.34
18087;99;21;14411.62
18088;62;1;167.67
18089;447;1;428.45
18090;422;1;349.4
18091;594;1;360.85
18092;3;20;16173.19
18093;94;9;4429.61
18094;82;15;6322.62
18095;313;5;2303.09
18096;12;6;1805.28
18097;8;14;4652.17
18098;397;1;550.84
18099;128;1;168.31
18100;551;1;451.56
18101;12;5;629.16
18102;1;153;598215.22
18103;550;1;105.8
18104;38;1;754.64
18105;38;1;113.48
18106;330;6;1461.46
18107;443;1;167.13
18108;249;4;842.46
18109;2;45;9754.66
18110;20;3;405.18
18111;584;2;398.9
18112;13;4;775.96
18113;369;1;152.64
18114;291;1;220.1
18115;698;1;9.7
18116;68;13;2154.3
18117;26;1;320.72
18118;11;35;6670.07
18119;368;1;362.24
18120;215;1;111.15
18121;150;2;673.1
18122;9;6;1826.21
18123;25;3;684.59
18124;473;1;111.53
18125;30;5;1141.34
18126;61;1;206.83
18127;20;4;561.53
18128;538;1;420.04
18129;244;1;112.55
18130;9;4;1045.74
18131;632;1;222.96
18132;505;1;226.9
18133;212;2;715.5
18134;599;2;445.0
18135;30;13;1229.22
18136;64;9;1531.71
18137;552;2;145.99
18138;296;1;152.65
18139;18;8;8393.22
18140;474;1;536.41
18141;361;4;838.57
18142;152;4;1014.9
18143;117;2;1000.16
18144;8;19;5058.0
18145;13;12;5600.09
18146;141;2;160.35
18147;46;2;179.34
18148;647;1;114.1
18149;51;7;1624.71
18150;33;3;566.58
18151;135;7;1853.94
18152;647;1;426.69
18153;660;1;246.22
18154;4;5;932.6
18155;76;4;347.82
18156;13;2;941.17
18157;572;1;215.35
18158;10;3;451.75
18159;302;1;530.15
18160;58;3;1003.88
18161;11;7;1797.2
18162;733;1;379.16
18163;561;2;639.34
18164;32;2;394.7
18165;178;1;302.46
18166;624;1;175.5
18167;4;6;1355.51
18168;177;22;3670.12
18169;61;1;202.65
18170;34;9;2878.0
18171;59;11;2414.51
18172;15;63;17301.83
18173;87;5;2696.36
18174;8;2;162.5
18175;676;1;176.1
18176;354;2;448.65
18177;32;10;2189.62
18178;114;15;6054.49
18179;10;8;2547.55
18180;5;6;1843.75
18181;25;7;1184.21
18182;464;1;291.13
18183;219;6;600.52
18184;16;1;49.8
18185;250;1;304.25
18186;723;1;329.58
18187;624;3;682.19
18188;16;8;3263.19
18189;78;5;1396.58
18190;193;6;735.67
18191;262;2;529.4
18192;72;1;957.97
18193;151;5;1155.7
18194;65;7;4084.2
18195;388;1;101.16
18196;96;4;1464.31
18197;514;2;221.4
18198;5;21;5083.06
18199;676;2;342.2
18200;107;1;163.8
18201;723;1;447.53
18202;200;3;1396.99
18203;158;4;504.42
18204;72;4;1979.3
18205;37;2;517.36
18206;554;1;314.66
18207;494;3;505.12
18208;566;1;360.08
18209;29;1;139.1
18210;2;7;2768.83
18211;26;5;600.07
18212;327;2;546.72
18213;237;1;232.48
18214;531;5;1480.99
18215;90;6;2238.99
18216;32;1;481.75
18217;30;6;902.8
18218;207;6;1106.3
18219;3;19;3507.39
18220;220;11;1771.7
18221;23;8;1370.34
18222;93;1;443.0
18223;2;52;13497.58
18224;264;1;158.95
18225;4;34;12650.91
18226;39;38;11748.58
18227;218;3;93.75
18228;51;3;769.2
18229;12;28;10803.71
18230;10;12;4190.71
18231;193;30;6848.17
18232;82;5;582.47
18233;326;1;440.0
18234;552;1;179.6
18235;72;3;1796.48
18236;30;12;1795.35
18237;3;5;987.1
18238;516;1;270.92
18239;219;6;2150.36
18240;47;1;422.58
18241;10;23;2954.09
18242;73;8;3605.21
18243;415;1;515.78
18244;431;2;568.64
18245;8;23;6236.23
18246;24;3;758.82
18247;410;6;721.43
18248;114;4;783.02
18249;18;1;95.34
18250;302;2;342.92
18251;88;9;26278.86
18252;51;8;1465.59
18253;643;1;317.88
18254;582;1;267.9
18255;90;2;303.15
18256;355;2;60.6
18257;40;18;4496.8
18258;465;8;2040.97
18259;25;7;4318.2
18260;173;32;9751.95
18261;44;2;324.24
18262;141;3;577.54
18263;24;4;1211.08
18264;499;1;603.25
18265;73;2;801.51
18266;435;1;251.1
18267;660;2;252.87
18268;135;8;1451.22
18269;359;2;307.5
18270;39;4;400.35
18271;610;2;680.85
18272;3;11;4347.33
18273;3;4;357.0
18274;18;2;0.0
18275;579;2;741.85
18276;22;10;1620.67
18277;59;8;1111.38
18278;74;2;414.2
18279;520;1;231.34
18280;278;3;472.45
18281;181;2;201.14
18282;8;3;176.6
18283;4;22;2736.65
18284;430;2;436.68
18285;661;1;427.0
18286;477;3;1188.43
18287;43;8;4177.89
